host,gp,rcu,rcu_eff,rep,hostmm_ms,threads,gomaxprocs
c7g-xlarge,1,normal,0,1,5.3,4,1
c7g-xlarge,1,normal,0,2,4.1,4,1
c7g-xlarge,1,normal,0,3,4.4,4,1
c7g-xlarge,1,normal,0,4,5.0,4,1
c7g-xlarge,1,normal,0,5,9.4,5,1
c7g-xlarge,1,normal,0,6,5.3,5,1
c7g-xlarge,1,normal,0,7,6.2,5,1
c7g-xlarge,1,normal,0,8,11,4,1
c7g-xlarge,1,normal,0,9,11,4,1
c7g-xlarge,1,normal,0,10,5.2,4,1
c7g-xlarge,1,normal,0,11,4.4,4,1
c7g-xlarge,1,normal,0,12,6.7,4,1
c7g-xlarge,1,normal,0,13,5.0,5,1
c7g-xlarge,1,normal,0,14,5.3,4,1
c7g-xlarge,1,normal,0,15,5.2,4,1
c7g-xlarge,1,normal,0,16,5.6,4,1
c7g-xlarge,1,normal,0,17,6.4,4,1
c7g-xlarge,1,normal,0,18,5.6,4,1
c7g-xlarge,1,normal,0,19,11,4,1
c7g-xlarge,1,normal,0,20,7.7,4,1
c7g-xlarge,1,normal,0,21,7.7,4,1
c7g-xlarge,1,normal,0,22,4.5,4,1
c7g-xlarge,1,normal,0,23,4.6,4,1
c7g-xlarge,1,normal,0,24,12,4,1
c7g-xlarge,1,normal,0,25,5.5,4,1
c7g-xlarge,1,normal,0,26,3.3,4,1
c7g-xlarge,1,normal,0,27,6.6,4,1
c7g-xlarge,1,normal,0,28,10,4,1
c7g-xlarge,1,normal,0,29,5.6,4,1
c7g-xlarge,1,normal,0,30,6.7,4,1
c7g-xlarge,1,normal,0,31,4.8,4,1
c7g-xlarge,1,normal,0,32,6.8,4,1
c7g-xlarge,1,normal,0,33,9.3,4,1
c7g-xlarge,1,normal,0,34,5.3,4,1
c7g-xlarge,1,normal,0,35,5.6,4,1
c7g-xlarge,1,normal,0,36,3.4,4,1
c7g-xlarge,1,normal,0,37,8.9,4,1
c7g-xlarge,1,normal,0,38,4.5,4,1
c7g-xlarge,1,normal,0,39,4.5,4,1
c7g-xlarge,1,normal,0,40,9.5,4,1
c7g-xlarge,2,normal,0,1,1.1,5,2
c7g-xlarge,2,normal,0,2,8.2,5,2
c7g-xlarge,2,normal,0,3,5.5,5,2
c7g-xlarge,2,normal,0,4,8.4,5,2
c7g-xlarge,2,normal,0,5,4.6,5,2
c7g-xlarge,2,normal,0,6,7.4,5,2
c7g-xlarge,2,normal,0,7,6.8,5,2
c7g-xlarge,2,normal,0,8,4.0,5,2
c7g-xlarge,2,normal,0,9,7.1,5,2
c7g-xlarge,2,normal,0,10,4.7,5,2
c7g-xlarge,2,normal,0,11,6.6,5,2
c7g-xlarge,2,normal,0,12,8.3,5,2
c7g-xlarge,2,normal,0,13,10,5,2
c7g-xlarge,2,normal,0,14,3.4,5,2
c7g-xlarge,2,normal,0,15,5.8,5,2
c7g-xlarge,2,normal,0,16,9.6,5,2
c7g-xlarge,2,normal,0,17,4.5,5,2
c7g-xlarge,2,normal,0,18,14,5,2
c7g-xlarge,2,normal,0,19,9.6,5,2
c7g-xlarge,2,normal,0,20,7.1,5,2
c7g-xlarge,2,normal,0,21,2.2,5,2
c7g-xlarge,2,normal,0,22,7.5,5,2
c7g-xlarge,2,normal,0,23,9.3,5,2
c7g-xlarge,2,normal,0,24,14,5,2
c7g-xlarge,2,normal,0,25,5.6,5,2
c7g-xlarge,2,normal,0,26,7.7,5,2
c7g-xlarge,2,normal,0,27,4.5,5,2
c7g-xlarge,2,normal,0,28,7.5,5,2
c7g-xlarge,2,normal,0,29,2.4,5,2
c7g-xlarge,2,normal,0,30,6.5,6,2
c7g-xlarge,2,normal,0,31,9.1,5,2
c7g-xlarge,2,normal,0,32,12,5,2
c7g-xlarge,2,normal,0,33,3.6,5,2
c7g-xlarge,2,normal,0,34,7.7,5,2
c7g-xlarge,2,normal,0,35,6.7,5,2
c7g-xlarge,2,normal,0,36,7.2,5,2
c7g-xlarge,2,normal,0,37,8.7,5,2
c7g-xlarge,2,normal,0,38,5.9,5,2
c7g-xlarge,2,normal,0,39,5.0,5,2
c7g-xlarge,2,normal,0,40,3.6,5,2
c7g-xlarge,4,normal,0,1,9.5,8,4
c7g-xlarge,4,normal,0,2,4.7,7,4
c7g-xlarge,4,normal,0,3,5.0,8,4
c7g-xlarge,4,normal,0,4,9.4,7,4
c7g-xlarge,4,normal,0,5,2.6,7,4
c7g-xlarge,4,normal,0,6,4.7,7,4
c7g-xlarge,4,normal,0,7,4.6,7,4
c7g-xlarge,4,normal,0,8,5.0,7,4
c7g-xlarge,4,normal,0,9,4.4,7,4
c7g-xlarge,4,normal,0,10,8.4,8,4
c7g-xlarge,4,normal,0,11,6.5,7,4
c7g-xlarge,4,normal,0,12,7.7,8,4
c7g-xlarge,4,normal,0,13,6.9,7,4
c7g-xlarge,4,normal,0,14,8.2,7,4
c7g-xlarge,4,normal,0,15,4.9,7,4
c7g-xlarge,4,normal,0,16,7.0,7,4
c7g-xlarge,4,normal,0,17,4.0,7,4
c7g-xlarge,4,normal,0,18,4.9,8,4
c7g-xlarge,4,normal,0,19,3.6,7,4
c7g-xlarge,4,normal,0,20,2.9,8,4
c7g-xlarge,4,normal,0,21,5.7,7,4
c7g-xlarge,4,normal,0,22,2.7,7,4
c7g-xlarge,4,normal,0,23,6.5,8,4
c7g-xlarge,4,normal,0,24,5.9,7,4
c7g-xlarge,4,normal,0,25,5.5,7,4
c7g-xlarge,4,normal,0,26,4.5,7,4
c7g-xlarge,4,normal,0,27,9.0,7,4
c7g-xlarge,4,normal,0,28,4.8,7,4
c7g-xlarge,4,normal,0,29,4.3,7,4
c7g-xlarge,4,normal,0,30,9.9,7,4
c7g-xlarge,4,normal,0,31,2.7,7,4
c7g-xlarge,4,normal,0,32,6.6,7,4
c7g-xlarge,4,normal,0,33,5.8,7,4
c7g-xlarge,4,normal,0,34,8.5,7,4
c7g-xlarge,4,normal,0,35,4.4,7,4
c7g-xlarge,4,normal,0,36,4.9,8,4
c7g-xlarge,4,normal,0,37,3.5,8,4
c7g-xlarge,4,normal,0,38,7.6,7,4
c7g-xlarge,4,normal,0,39,4.2,7,4
c7g-xlarge,4,normal,0,40,4.1,8,4
c7g-xlarge,8,normal,0,1,5.1,9,8
c7g-xlarge,8,normal,0,2,4.2,8,8
c7g-xlarge,8,normal,0,3,7.9,10,8
c7g-xlarge,8,normal,0,4,9.0,9,8
c7g-xlarge,8,normal,0,5,5.7,8,8
c7g-xlarge,8,normal,0,6,5.5,9,8
c7g-xlarge,8,normal,0,7,4.2,9,8
c7g-xlarge,8,normal,0,8,5.4,11,8
c7g-xlarge,8,normal,0,9,2.9,9,8
c7g-xlarge,8,normal,0,10,3.6,9,8
c7g-xlarge,8,normal,0,11,4.3,9,8
c7g-xlarge,8,normal,0,12,4.5,9,8
c7g-xlarge,8,normal,0,13,4.1,9,8
c7g-xlarge,8,normal,0,14,4.2,12,8
c7g-xlarge,8,normal,0,15,6.5,9,8
c7g-xlarge,8,normal,0,16,4.1,10,8
c7g-xlarge,8,normal,0,17,6.5,9,8
c7g-xlarge,8,normal,0,18,4.0,9,8
c7g-xlarge,8,normal,0,19,5.3,8,8
c7g-xlarge,8,normal,0,20,4.4,9,8
c7g-xlarge,8,normal,0,21,5.8,9,8
c7g-xlarge,8,normal,0,22,7.0,9,8
c7g-xlarge,8,normal,0,23,5.2,8,8
c7g-xlarge,8,normal,0,24,2.1,8,8
c7g-xlarge,8,normal,0,25,5.1,9,8
c7g-xlarge,8,normal,0,26,5.2,9,8
c7g-xlarge,8,normal,0,27,1.5,8,8
c7g-xlarge,8,normal,0,28,5.7,8,8
c7g-xlarge,8,normal,0,29,6.6,8,8
c7g-xlarge,8,normal,0,30,5.9,9,8
c7g-xlarge,8,normal,0,31,11,10,8
c7g-xlarge,8,normal,0,32,5.4,8,8
c7g-xlarge,8,normal,0,33,5.3,8,8
c7g-xlarge,8,normal,0,34,6.7,8,8
c7g-xlarge,8,normal,0,35,5.6,10,8
c7g-xlarge,8,normal,0,36,7.7,11,8
c7g-xlarge,8,normal,0,37,4.1,9,8
c7g-xlarge,8,normal,0,38,5.7,11,8
c7g-xlarge,8,normal,0,39,2.9,10,8
c7g-xlarge,8,normal,0,40,5.8,9,8
c7g-xlarge,16,normal,0,1,2.3,8,16
c7g-xlarge,16,normal,0,2,3.1,9,16
c7g-xlarge,16,normal,0,3,5.4,8,16
c7g-xlarge,16,normal,0,4,7.1,8,16
c7g-xlarge,16,normal,0,5,9.7,8,16
c7g-xlarge,16,normal,0,6,6.1,11,16
c7g-xlarge,16,normal,0,7,5.1,10,16
c7g-xlarge,16,normal,0,8,9.5,10,16
c7g-xlarge,16,normal,0,9,5.5,10,16
c7g-xlarge,16,normal,0,10,7.0,8,16
c7g-xlarge,16,normal,0,11,4.6,8,16
c7g-xlarge,16,normal,0,12,7.8,9,16
c7g-xlarge,16,normal,0,13,6.7,9,16
c7g-xlarge,16,normal,0,14,7.1,9,16
c7g-xlarge,16,normal,0,15,1.1,9,16
c7g-xlarge,16,normal,0,16,4.6,8,16
c7g-xlarge,16,normal,0,17,3.5,9,16
c7g-xlarge,16,normal,0,18,8.0,8,16
c7g-xlarge,16,normal,0,19,3.0,8,16
c7g-xlarge,16,normal,0,20,2.8,9,16
c7g-xlarge,16,normal,0,21,4.1,8,16
c7g-xlarge,16,normal,0,22,8.6,11,16
c7g-xlarge,16,normal,0,23,16,10,16
c7g-xlarge,16,normal,0,24,5.4,9,16
c7g-xlarge,16,normal,0,25,4.7,8,16
c7g-xlarge,16,normal,0,26,6.5,9,16
c7g-xlarge,16,normal,0,27,3.0,8,16
c7g-xlarge,16,normal,0,28,11,9,16
c7g-xlarge,16,normal,0,29,8.8,8,16
c7g-xlarge,16,normal,0,30,3.0,9,16
c7g-xlarge,16,normal,0,31,5.4,8,16
c7g-xlarge,16,normal,0,32,4.7,9,16
c7g-xlarge,16,normal,0,33,6.4,9,16
c7g-xlarge,16,normal,0,34,5.5,10,16
c7g-xlarge,16,normal,0,35,5.0,8,16
c7g-xlarge,16,normal,0,36,6.0,9,16
c7g-xlarge,16,normal,0,37,5.5,8,16
c7g-xlarge,16,normal,0,38,3.6,9,16
c7g-xlarge,16,normal,0,39,3.4,8,16
c7g-xlarge,16,normal,0,40,4.9,9,16
c7g-xlarge,32,normal,0,1,12,9,32
c7g-xlarge,32,normal,0,2,5.5,8,32
c7g-xlarge,32,normal,0,3,5.2,12,32
c7g-xlarge,32,normal,0,4,5.6,9,32
c7g-xlarge,32,normal,0,5,6.7,10,32
c7g-xlarge,32,normal,0,6,4.6,8,32
c7g-xlarge,32,normal,0,7,6.6,9,32
c7g-xlarge,32,normal,0,8,4.2,9,32
c7g-xlarge,32,normal,0,9,6.2,8,32
c7g-xlarge,32,normal,0,10,6.7,9,32
c7g-xlarge,32,normal,0,11,8.3,8,32
c7g-xlarge,32,normal,0,12,6.2,9,32
c7g-xlarge,32,normal,0,13,2.2,8,32
c7g-xlarge,32,normal,0,14,5.5,8,32
c7g-xlarge,32,normal,0,15,7.8,10,32
c7g-xlarge,32,normal,0,16,4.2,9,32
c7g-xlarge,32,normal,0,17,7.4,8,32
c7g-xlarge,32,normal,0,18,4.5,9,32
c7g-xlarge,32,normal,0,19,2.4,8,32
c7g-xlarge,32,normal,0,20,9.4,8,32
c7g-xlarge,32,normal,0,21,4.7,8,32
c7g-xlarge,32,normal,0,22,11,9,32
c7g-xlarge,32,normal,0,23,5.8,8,32
c7g-xlarge,32,normal,0,24,3.7,9,32
c7g-xlarge,32,normal,0,25,4.7,9,32
c7g-xlarge,32,normal,0,26,13,8,32
c7g-xlarge,32,normal,0,27,6.9,9,32
c7g-xlarge,32,normal,0,28,5.2,8,32
c7g-xlarge,32,normal,0,29,4.5,9,32
c7g-xlarge,32,normal,0,30,5.8,9,32
c7g-xlarge,32,normal,0,31,5.5,8,32
c7g-xlarge,32,normal,0,32,6.4,10,32
c7g-xlarge,32,normal,0,33,5.9,8,32
c7g-xlarge,32,normal,0,34,5.2,8,32
c7g-xlarge,32,normal,0,35,6.8,9,32
c7g-xlarge,32,normal,0,36,3.4,8,32
c7g-xlarge,32,normal,0,37,3.0,9,32
c7g-xlarge,32,normal,0,38,4.0,9,32
c7g-xlarge,32,normal,0,39,4.4,9,32
c7g-xlarge,32,normal,0,40,4.0,9,32
c7g-xlarge,64,normal,0,1,8.6,8,64
c7g-xlarge,64,normal,0,2,10,9,64
c7g-xlarge,64,normal,0,3,6.4,8,64
c7g-xlarge,64,normal,0,4,13,9,64
c7g-xlarge,64,normal,0,5,4.2,8,64
c7g-xlarge,64,normal,0,6,5.0,8,64
c7g-xlarge,64,normal,0,7,3.9,10,64
c7g-xlarge,64,normal,0,8,4.8,9,64
c7g-xlarge,64,normal,0,9,8.4,9,64
c7g-xlarge,64,normal,0,10,4.2,9,64
c7g-xlarge,64,normal,0,11,4.7,8,64
c7g-xlarge,64,normal,0,12,2.8,9,64
c7g-xlarge,64,normal,0,13,4.8,8,64
c7g-xlarge,64,normal,0,14,5.6,9,64
c7g-xlarge,64,normal,0,15,9.7,9,64
c7g-xlarge,64,normal,0,16,4.7,8,64
c7g-xlarge,64,normal,0,17,2.2,9,64
c7g-xlarge,64,normal,0,18,4.6,9,64
c7g-xlarge,64,normal,0,19,9.9,10,64
c7g-xlarge,64,normal,0,20,10,10,64
c7g-xlarge,64,normal,0,21,5.1,10,64
c7g-xlarge,64,normal,0,22,4.8,8,64
c7g-xlarge,64,normal,0,23,4.1,9,64
c7g-xlarge,64,normal,0,24,2.0,8,64
c7g-xlarge,64,normal,0,25,3.5,10,64
c7g-xlarge,64,normal,0,26,1.6,10,64
c7g-xlarge,64,normal,0,27,6.2,8,64
c7g-xlarge,64,normal,0,28,2.0,9,64
c7g-xlarge,64,normal,0,29,4.9,8,64
c7g-xlarge,64,normal,0,30,3.2,8,64
c7g-xlarge,64,normal,0,31,8.0,9,64
c7g-xlarge,64,normal,0,32,4.2,8,64
c7g-xlarge,64,normal,0,33,2.1,8,64
c7g-xlarge,64,normal,0,34,5.2,8,64
c7g-xlarge,64,normal,0,35,5.0,8,64
c7g-xlarge,64,normal,0,36,9.2,9,64
c7g-xlarge,64,normal,0,37,4.5,9,64
c7g-xlarge,64,normal,0,38,2.4,9,64
c7g-xlarge,64,normal,0,39,4.6,8,64
c7g-xlarge,64,normal,0,40,7.3,9,64
c7g-xlarge,1,expedited,1,1,0.025,4,1
c7g-xlarge,1,expedited,1,2,0.024,4,1
c7g-xlarge,1,expedited,1,3,0.023,4,1
c7g-xlarge,1,expedited,1,4,0.023,4,1
c7g-xlarge,1,expedited,1,5,0.026,5,1
c7g-xlarge,1,expedited,1,6,0.022,5,1
c7g-xlarge,1,expedited,1,7,0.026,4,1
c7g-xlarge,1,expedited,1,8,0.030,4,1
c7g-xlarge,1,expedited,1,9,0.024,4,1
c7g-xlarge,1,expedited,1,10,0.024,4,1
c7g-xlarge,1,expedited,1,11,0.022,4,1
c7g-xlarge,1,expedited,1,12,0.025,4,1
c7g-xlarge,1,expedited,1,13,0.023,4,1
c7g-xlarge,1,expedited,1,14,0.023,4,1
c7g-xlarge,1,expedited,1,15,0.023,4,1
c7g-xlarge,1,expedited,1,16,0.028,4,1
c7g-xlarge,1,expedited,1,17,0.025,4,1
c7g-xlarge,1,expedited,1,18,0.025,4,1
c7g-xlarge,1,expedited,1,19,0.027,4,1
c7g-xlarge,1,expedited,1,20,0.028,4,1
c7g-xlarge,1,expedited,1,21,0.025,4,1
c7g-xlarge,1,expedited,1,22,0.025,4,1
c7g-xlarge,1,expedited,1,23,0.025,5,1
c7g-xlarge,1,expedited,1,24,0.025,4,1
c7g-xlarge,1,expedited,1,25,0.024,4,1
c7g-xlarge,1,expedited,1,26,0.023,4,1
c7g-xlarge,1,expedited,1,27,0.021,4,1
c7g-xlarge,1,expedited,1,28,0.070,4,1
c7g-xlarge,1,expedited,1,29,0.023,5,1
c7g-xlarge,1,expedited,1,30,0.023,4,1
c7g-xlarge,1,expedited,1,31,0.024,4,1
c7g-xlarge,1,expedited,1,32,0.026,4,1
c7g-xlarge,1,expedited,1,33,0.024,4,1
c7g-xlarge,1,expedited,1,34,0.026,4,1
c7g-xlarge,1,expedited,1,35,0.024,4,1
c7g-xlarge,1,expedited,1,36,0.026,4,1
c7g-xlarge,1,expedited,1,37,0.024,5,1
c7g-xlarge,1,expedited,1,38,0.024,4,1
c7g-xlarge,1,expedited,1,39,0.031,4,1
c7g-xlarge,1,expedited,1,40,0.027,4,1
c7g-xlarge,2,expedited,1,1,0.026,5,2
c7g-xlarge,2,expedited,1,2,0.024,5,2
c7g-xlarge,2,expedited,1,3,0.032,5,2
c7g-xlarge,2,expedited,1,4,0.023,5,2
c7g-xlarge,2,expedited,1,5,0.024,5,2
c7g-xlarge,2,expedited,1,6,0.023,5,2
c7g-xlarge,2,expedited,1,7,0.024,6,2
c7g-xlarge,2,expedited,1,8,0.020,5,2
c7g-xlarge,2,expedited,1,9,0.023,5,2
c7g-xlarge,2,expedited,1,10,0.021,5,2
c7g-xlarge,2,expedited,1,11,0.025,5,2
c7g-xlarge,2,expedited,1,12,0.023,6,2
c7g-xlarge,2,expedited,1,13,0.023,5,2
c7g-xlarge,2,expedited,1,14,0.025,6,2
c7g-xlarge,2,expedited,1,15,0.025,5,2
c7g-xlarge,2,expedited,1,16,0.022,5,2
c7g-xlarge,2,expedited,1,17,0.025,5,2
c7g-xlarge,2,expedited,1,18,0.026,5,2
c7g-xlarge,2,expedited,1,19,0.023,5,2
c7g-xlarge,2,expedited,1,20,0.025,6,2
c7g-xlarge,2,expedited,1,21,0.023,5,2
c7g-xlarge,2,expedited,1,22,0.026,5,2
c7g-xlarge,2,expedited,1,23,0.028,6,2
c7g-xlarge,2,expedited,1,24,0.023,5,2
c7g-xlarge,2,expedited,1,25,0.028,5,2
c7g-xlarge,2,expedited,1,26,0.026,5,2
c7g-xlarge,2,expedited,1,27,0.024,5,2
c7g-xlarge,2,expedited,1,28,0.024,5,2
c7g-xlarge,2,expedited,1,29,0.022,5,2
c7g-xlarge,2,expedited,1,30,0.025,5,2
c7g-xlarge,2,expedited,1,31,0.025,5,2
c7g-xlarge,2,expedited,1,32,0.024,5,2
c7g-xlarge,2,expedited,1,33,0.025,5,2
c7g-xlarge,2,expedited,1,34,0.022,5,2
c7g-xlarge,2,expedited,1,35,0.027,5,2
c7g-xlarge,2,expedited,1,36,0.023,5,2
c7g-xlarge,2,expedited,1,37,0.025,5,2
c7g-xlarge,2,expedited,1,38,0.023,5,2
c7g-xlarge,2,expedited,1,39,0.051,5,2
c7g-xlarge,2,expedited,1,40,0.024,5,2
c7g-xlarge,4,expedited,1,1,0.024,7,4
c7g-xlarge,4,expedited,1,2,0.023,7,4
c7g-xlarge,4,expedited,1,3,0.028,8,4
c7g-xlarge,4,expedited,1,4,0.13,7,4
c7g-xlarge,4,expedited,1,5,0.024,8,4
c7g-xlarge,4,expedited,1,6,0.031,7,4
c7g-xlarge,4,expedited,1,7,0.022,7,4
c7g-xlarge,4,expedited,1,8,0.026,7,4
c7g-xlarge,4,expedited,1,9,0.024,8,4
c7g-xlarge,4,expedited,1,10,0.021,7,4
c7g-xlarge,4,expedited,1,11,0.023,8,4
c7g-xlarge,4,expedited,1,12,0.024,7,4
c7g-xlarge,4,expedited,1,13,0.026,7,4
c7g-xlarge,4,expedited,1,14,0.027,7,4
c7g-xlarge,4,expedited,1,15,0.024,8,4
c7g-xlarge,4,expedited,1,16,0.024,8,4
c7g-xlarge,4,expedited,1,17,0.025,8,4
c7g-xlarge,4,expedited,1,18,0.021,8,4
c7g-xlarge,4,expedited,1,19,0.024,7,4
c7g-xlarge,4,expedited,1,20,0.025,7,4
c7g-xlarge,4,expedited,1,21,0.024,7,4
c7g-xlarge,4,expedited,1,22,0.024,7,4
c7g-xlarge,4,expedited,1,23,0.028,7,4
c7g-xlarge,4,expedited,1,24,0.021,8,4
c7g-xlarge,4,expedited,1,25,0.020,8,4
c7g-xlarge,4,expedited,1,26,0.022,7,4
c7g-xlarge,4,expedited,1,27,0.023,8,4
c7g-xlarge,4,expedited,1,28,0.025,8,4
c7g-xlarge,4,expedited,1,29,0.025,8,4
c7g-xlarge,4,expedited,1,30,0.025,7,4
c7g-xlarge,4,expedited,1,31,0.023,7,4
c7g-xlarge,4,expedited,1,32,0.024,8,4
c7g-xlarge,4,expedited,1,33,0.025,8,4
c7g-xlarge,4,expedited,1,34,0.080,8,4
c7g-xlarge,4,expedited,1,35,0.022,8,4
c7g-xlarge,4,expedited,1,36,0.021,8,4
c7g-xlarge,4,expedited,1,37,0.024,7,4
c7g-xlarge,4,expedited,1,38,0.024,8,4
c7g-xlarge,4,expedited,1,39,0.026,7,4
c7g-xlarge,4,expedited,1,40,0.025,8,4
c7g-xlarge,8,expedited,1,1,0.023,8,8
c7g-xlarge,8,expedited,1,2,0.020,8,8
c7g-xlarge,8,expedited,1,3,0.032,8,8
c7g-xlarge,8,expedited,1,4,0.027,9,8
c7g-xlarge,8,expedited,1,5,0.026,9,8
c7g-xlarge,8,expedited,1,6,0.025,8,8
c7g-xlarge,8,expedited,1,7,0.025,8,8
c7g-xlarge,8,expedited,1,8,0.024,11,8
c7g-xlarge,8,expedited,1,9,0.023,8,8
c7g-xlarge,8,expedited,1,10,0.025,8,8
c7g-xlarge,8,expedited,1,11,0.025,7,8
c7g-xlarge,8,expedited,1,12,0.030,8,8
c7g-xlarge,8,expedited,1,13,0.024,8,8
c7g-xlarge,8,expedited,1,14,0.024,9,8
c7g-xlarge,8,expedited,1,15,0.076,8,8
c7g-xlarge,8,expedited,1,16,0.024,9,8
c7g-xlarge,8,expedited,1,17,0.022,8,8
c7g-xlarge,8,expedited,1,18,0.023,10,8
c7g-xlarge,8,expedited,1,19,0.023,8,8
c7g-xlarge,8,expedited,1,20,0.023,8,8
c7g-xlarge,8,expedited,1,21,0.023,9,8
c7g-xlarge,8,expedited,1,22,0.024,10,8
c7g-xlarge,8,expedited,1,23,0.023,8,8
c7g-xlarge,8,expedited,1,24,0.025,9,8
c7g-xlarge,8,expedited,1,25,0.023,8,8
c7g-xlarge,8,expedited,1,26,0.031,9,8
c7g-xlarge,8,expedited,1,27,0.027,9,8
c7g-xlarge,8,expedited,1,28,0.023,9,8
c7g-xlarge,8,expedited,1,29,0.026,8,8
c7g-xlarge,8,expedited,1,30,0.033,11,8
c7g-xlarge,8,expedited,1,31,0.024,8,8
c7g-xlarge,8,expedited,1,32,0.026,9,8
c7g-xlarge,8,expedited,1,33,0.024,9,8
c7g-xlarge,8,expedited,1,34,0.024,8,8
c7g-xlarge,8,expedited,1,35,0.025,9,8
c7g-xlarge,8,expedited,1,36,0.025,8,8
c7g-xlarge,8,expedited,1,37,0.024,9,8
c7g-xlarge,8,expedited,1,38,0.024,10,8
c7g-xlarge,8,expedited,1,39,0.024,8,8
c7g-xlarge,8,expedited,1,40,0.024,9,8
c7g-xlarge,16,expedited,1,1,0.026,8,16
c7g-xlarge,16,expedited,1,2,0.024,10,16
c7g-xlarge,16,expedited,1,3,0.024,12,16
c7g-xlarge,16,expedited,1,4,0.021,8,16
c7g-xlarge,16,expedited,1,5,0.023,9,16
c7g-xlarge,16,expedited,1,6,0.023,10,16
c7g-xlarge,16,expedited,1,7,0.025,10,16
c7g-xlarge,16,expedited,1,8,0.024,10,16
c7g-xlarge,16,expedited,1,9,0.026,11,16
c7g-xlarge,16,expedited,1,10,0.021,8,16
c7g-xlarge,16,expedited,1,11,0.024,9,16
c7g-xlarge,16,expedited,1,12,0.032,9,16
c7g-xlarge,16,expedited,1,13,0.025,9,16
c7g-xlarge,16,expedited,1,14,0.022,9,16
c7g-xlarge,16,expedited,1,15,0.024,8,16
c7g-xlarge,16,expedited,1,16,0.023,11,16
c7g-xlarge,16,expedited,1,17,0.023,9,16
c7g-xlarge,16,expedited,1,18,0.042,9,16
c7g-xlarge,16,expedited,1,19,0.14,9,16
c7g-xlarge,16,expedited,1,20,0.032,10,16
c7g-xlarge,16,expedited,1,21,0.034,8,16
c7g-xlarge,16,expedited,1,22,0.030,8,16
c7g-xlarge,16,expedited,1,23,0.032,8,16
c7g-xlarge,16,expedited,1,24,0.031,8,16
c7g-xlarge,16,expedited,1,25,0.028,9,16
c7g-xlarge,16,expedited,1,26,0.032,9,16
c7g-xlarge,16,expedited,1,27,0.025,8,16
c7g-xlarge,16,expedited,1,28,0.024,9,16
c7g-xlarge,16,expedited,1,29,0.033,9,16
c7g-xlarge,16,expedited,1,30,0.026,9,16
c7g-xlarge,16,expedited,1,31,0.024,9,16
c7g-xlarge,16,expedited,1,32,0.021,9,16
c7g-xlarge,16,expedited,1,33,0.025,8,16
c7g-xlarge,16,expedited,1,34,0.039,9,16
c7g-xlarge,16,expedited,1,35,0.023,9,16
c7g-xlarge,16,expedited,1,36,0.023,10,16
c7g-xlarge,16,expedited,1,37,0.024,9,16
c7g-xlarge,16,expedited,1,38,0.021,8,16
c7g-xlarge,16,expedited,1,39,0.025,8,16
c7g-xlarge,16,expedited,1,40,0.026,8,16
c7g-xlarge,32,expedited,1,1,0.023,8,32
c7g-xlarge,32,expedited,1,2,0.024,8,32
c7g-xlarge,32,expedited,1,3,0.024,11,32
c7g-xlarge,32,expedited,1,4,0.025,10,32
c7g-xlarge,32,expedited,1,5,0.023,10,32
c7g-xlarge,32,expedited,1,6,0.024,10,32
c7g-xlarge,32,expedited,1,7,0.025,9,32
c7g-xlarge,32,expedited,1,8,0.024,8,32
c7g-xlarge,32,expedited,1,9,0.024,8,32
c7g-xlarge,32,expedited,1,10,0.077,8,32
c7g-xlarge,32,expedited,1,11,0.025,8,32
c7g-xlarge,32,expedited,1,12,0.024,8,32
c7g-xlarge,32,expedited,1,13,0.024,11,32
c7g-xlarge,32,expedited,1,14,0.025,9,32
c7g-xlarge,32,expedited,1,15,0.024,8,32
c7g-xlarge,32,expedited,1,16,0.024,8,32
c7g-xlarge,32,expedited,1,17,0.023,9,32
c7g-xlarge,32,expedited,1,18,0.026,9,32
c7g-xlarge,32,expedited,1,19,0.025,11,32
c7g-xlarge,32,expedited,1,20,0.027,8,32
c7g-xlarge,32,expedited,1,21,0.025,9,32
c7g-xlarge,32,expedited,1,22,0.025,8,32
c7g-xlarge,32,expedited,1,23,0.026,8,32
c7g-xlarge,32,expedited,1,24,0.024,8,32
c7g-xlarge,32,expedited,1,25,0.020,12,32
c7g-xlarge,32,expedited,1,26,0.024,8,32
c7g-xlarge,32,expedited,1,27,0.023,9,32
c7g-xlarge,32,expedited,1,28,0.023,10,32
c7g-xlarge,32,expedited,1,29,0.026,8,32
c7g-xlarge,32,expedited,1,30,0.026,9,32
c7g-xlarge,32,expedited,1,31,0.028,9,32
c7g-xlarge,32,expedited,1,32,0.023,9,32
c7g-xlarge,32,expedited,1,33,0.025,10,32
c7g-xlarge,32,expedited,1,34,0.023,8,32
c7g-xlarge,32,expedited,1,35,0.028,9,32
c7g-xlarge,32,expedited,1,36,0.026,9,32
c7g-xlarge,32,expedited,1,37,0.025,10,32
c7g-xlarge,32,expedited,1,38,0.024,8,32
c7g-xlarge,32,expedited,1,39,0.024,9,32
c7g-xlarge,32,expedited,1,40,0.028,8,32
c7g-xlarge,64,expedited,1,1,0.026,9,64
c7g-xlarge,64,expedited,1,2,0.025,8,64
c7g-xlarge,64,expedited,1,3,0.024,8,64
c7g-xlarge,64,expedited,1,4,0.024,10,64
c7g-xlarge,64,expedited,1,5,0.023,9,64
c7g-xlarge,64,expedited,1,6,0.024,9,64
c7g-xlarge,64,expedited,1,7,0.024,8,64
c7g-xlarge,64,expedited,1,8,0.022,8,64
c7g-xlarge,64,expedited,1,9,0.022,8,64
c7g-xlarge,64,expedited,1,10,0.024,8,64
c7g-xlarge,64,expedited,1,11,0.026,8,64
c7g-xlarge,64,expedited,1,12,0.025,8,64
c7g-xlarge,64,expedited,1,13,0.024,9,64
c7g-xlarge,64,expedited,1,14,0.023,8,64
c7g-xlarge,64,expedited,1,15,0.025,8,64
c7g-xlarge,64,expedited,1,16,0.024,9,64
c7g-xlarge,64,expedited,1,17,0.025,8,64
c7g-xlarge,64,expedited,1,18,0.024,9,64
c7g-xlarge,64,expedited,1,19,0.022,8,64
c7g-xlarge,64,expedited,1,20,0.024,9,64
c7g-xlarge,64,expedited,1,21,0.025,8,64
c7g-xlarge,64,expedited,1,22,0.025,8,64
c7g-xlarge,64,expedited,1,23,0.024,9,64
c7g-xlarge,64,expedited,1,24,0.026,8,64
c7g-xlarge,64,expedited,1,25,0.025,8,64
c7g-xlarge,64,expedited,1,26,0.057,8,64
c7g-xlarge,64,expedited,1,27,0.024,8,64
c7g-xlarge,64,expedited,1,28,0.025,9,64
c7g-xlarge,64,expedited,1,29,0.036,8,64
c7g-xlarge,64,expedited,1,30,0.024,8,64
c7g-xlarge,64,expedited,1,31,0.021,8,64
c7g-xlarge,64,expedited,1,32,0.027,9,64
c7g-xlarge,64,expedited,1,33,0.019,9,64
c7g-xlarge,64,expedited,1,34,0.025,9,64
c7g-xlarge,64,expedited,1,35,0.024,10,64
c7g-xlarge,64,expedited,1,36,0.022,9,64
c7g-xlarge,64,expedited,1,37,0.025,9,64
c7g-xlarge,64,expedited,1,38,0.024,9,64
c7g-xlarge,64,expedited,1,39,0.020,8,64
c7g-xlarge,64,expedited,1,40,0.024,8,64
c7i-xlarge,1,normal,0,1,7.0,4,1
c7i-xlarge,1,normal,0,2,5.1,4,1
c7i-xlarge,1,normal,0,3,7.1,4,1
c7i-xlarge,1,normal,0,4,7.3,4,1
c7i-xlarge,1,normal,0,5,4.8,4,1
c7i-xlarge,1,normal,0,6,9.1,4,1
c7i-xlarge,1,normal,0,7,5.6,4,1
c7i-xlarge,1,normal,0,8,4.1,4,1
c7i-xlarge,1,normal,0,9,4.7,4,1
c7i-xlarge,1,normal,0,10,8.7,4,1
c7i-xlarge,1,normal,0,11,4.5,4,1
c7i-xlarge,1,normal,0,12,4.0,4,1
c7i-xlarge,1,normal,0,13,8.6,4,1
c7i-xlarge,1,normal,0,14,5.3,4,1
c7i-xlarge,1,normal,0,15,5.4,4,1
c7i-xlarge,1,normal,0,16,5.4,4,1
c7i-xlarge,1,normal,0,17,7.8,4,1
c7i-xlarge,1,normal,0,18,4.4,4,1
c7i-xlarge,1,normal,0,19,4.7,4,1
c7i-xlarge,1,normal,0,20,4.7,4,1
c7i-xlarge,1,normal,0,21,9.0,4,1
c7i-xlarge,1,normal,0,22,4.8,4,1
c7i-xlarge,1,normal,0,23,5.5,5,1
c7i-xlarge,1,normal,0,24,7.4,4,1
c7i-xlarge,1,normal,0,25,7.6,5,1
c7i-xlarge,1,normal,0,26,7.8,4,1
c7i-xlarge,1,normal,0,27,11,4,1
c7i-xlarge,1,normal,0,28,11,4,1
c7i-xlarge,1,normal,0,29,8.5,4,1
c7i-xlarge,1,normal,0,30,5.4,4,1
c7i-xlarge,1,normal,0,31,7.0,4,1
c7i-xlarge,1,normal,0,32,8.0,4,1
c7i-xlarge,1,normal,0,33,8.6,4,1
c7i-xlarge,1,normal,0,34,7.7,4,1
c7i-xlarge,1,normal,0,35,4.3,4,1
c7i-xlarge,1,normal,0,36,4.3,4,1
c7i-xlarge,1,normal,0,37,4.8,4,1
c7i-xlarge,1,normal,0,38,6.7,4,1
c7i-xlarge,1,normal,0,39,6.5,4,1
c7i-xlarge,1,normal,0,40,8.1,4,1
c7i-xlarge,2,normal,0,1,4.1,5,2
c7i-xlarge,2,normal,0,2,5.8,5,2
c7i-xlarge,2,normal,0,3,4.1,5,2
c7i-xlarge,2,normal,0,4,8.1,5,2
c7i-xlarge,2,normal,0,5,6.3,5,2
c7i-xlarge,2,normal,0,6,4.2,5,2
c7i-xlarge,2,normal,0,7,3.9,6,2
c7i-xlarge,2,normal,0,8,5.4,5,2
c7i-xlarge,2,normal,0,9,5.6,5,2
c7i-xlarge,2,normal,0,10,7.3,5,2
c7i-xlarge,2,normal,0,11,9.3,5,2
c7i-xlarge,2,normal,0,12,5.4,5,2
c7i-xlarge,2,normal,0,13,4.6,5,2
c7i-xlarge,2,normal,0,14,4.6,5,2
c7i-xlarge,2,normal,0,15,8.7,5,2
c7i-xlarge,2,normal,0,16,8.4,5,2
c7i-xlarge,2,normal,0,17,11,5,2
c7i-xlarge,2,normal,0,18,4.2,5,2
c7i-xlarge,2,normal,0,19,7.8,5,2
c7i-xlarge,2,normal,0,20,4.9,5,2
c7i-xlarge,2,normal,0,21,8.3,6,2
c7i-xlarge,2,normal,0,22,8.6,5,2
c7i-xlarge,2,normal,0,23,6.8,5,2
c7i-xlarge,2,normal,0,24,7.6,5,2
c7i-xlarge,2,normal,0,25,5.3,6,2
c7i-xlarge,2,normal,0,26,6.5,5,2
c7i-xlarge,2,normal,0,27,14,6,2
c7i-xlarge,2,normal,0,28,14,6,2
c7i-xlarge,2,normal,0,29,7.4,5,2
c7i-xlarge,2,normal,0,30,9.0,5,2
c7i-xlarge,2,normal,0,31,5.3,5,2
c7i-xlarge,2,normal,0,32,4.0,6,2
c7i-xlarge,2,normal,0,33,5.0,5,2
c7i-xlarge,2,normal,0,34,5.3,5,2
c7i-xlarge,2,normal,0,35,14,6,2
c7i-xlarge,2,normal,0,36,5.6,5,2
c7i-xlarge,2,normal,0,37,8.4,5,2
c7i-xlarge,2,normal,0,38,8.7,5,2
c7i-xlarge,2,normal,0,39,4.2,6,2
c7i-xlarge,2,normal,0,40,5.3,5,2
c7i-xlarge,4,normal,0,1,4.3,8,4
c7i-xlarge,4,normal,0,2,5.8,8,4
c7i-xlarge,4,normal,0,3,5.7,7,4
c7i-xlarge,4,normal,0,4,7.0,7,4
c7i-xlarge,4,normal,0,5,5.8,7,4
c7i-xlarge,4,normal,0,6,5.0,7,4
c7i-xlarge,4,normal,0,7,4.1,8,4
c7i-xlarge,4,normal,0,8,8.7,8,4
c7i-xlarge,4,normal,0,9,10,8,4
c7i-xlarge,4,normal,0,10,5.8,8,4
c7i-xlarge,4,normal,0,11,10,7,4
c7i-xlarge,4,normal,0,12,4.3,7,4
c7i-xlarge,4,normal,0,13,11,8,4
c7i-xlarge,4,normal,0,14,4.4,7,4
c7i-xlarge,4,normal,0,15,8.4,7,4
c7i-xlarge,4,normal,0,16,4.2,7,4
c7i-xlarge,4,normal,0,17,13,8,4
c7i-xlarge,4,normal,0,18,4.2,7,4
c7i-xlarge,4,normal,0,19,7.6,8,4
c7i-xlarge,4,normal,0,20,8.2,7,4
c7i-xlarge,4,normal,0,21,4.7,7,4
c7i-xlarge,4,normal,0,22,8.0,8,4
c7i-xlarge,4,normal,0,23,8.8,8,4
c7i-xlarge,4,normal,0,24,7.3,8,4
c7i-xlarge,4,normal,0,25,5.7,7,4
c7i-xlarge,4,normal,0,26,13,8,4
c7i-xlarge,4,normal,0,27,4.7,8,4
c7i-xlarge,4,normal,0,28,6.9,8,4
c7i-xlarge,4,normal,0,29,6.7,7,4
c7i-xlarge,4,normal,0,30,4.9,8,4
c7i-xlarge,4,normal,0,31,5.3,7,4
c7i-xlarge,4,normal,0,32,4.5,7,4
c7i-xlarge,4,normal,0,33,4.2,8,4
c7i-xlarge,4,normal,0,34,5.8,7,4
c7i-xlarge,4,normal,0,35,5.3,7,4
c7i-xlarge,4,normal,0,36,4.7,7,4
c7i-xlarge,4,normal,0,37,7.2,8,4
c7i-xlarge,4,normal,0,38,8.2,7,4
c7i-xlarge,4,normal,0,39,8.3,8,4
c7i-xlarge,4,normal,0,40,8.9,8,4
c7i-xlarge,8,normal,0,1,5.0,8,8
c7i-xlarge,8,normal,0,2,12,8,8
c7i-xlarge,8,normal,0,3,5.0,8,8
c7i-xlarge,8,normal,0,4,3.5,8,8
c7i-xlarge,8,normal,0,5,5.0,10,8
c7i-xlarge,8,normal,0,6,5.5,9,8
c7i-xlarge,8,normal,0,7,5.1,8,8
c7i-xlarge,8,normal,0,8,4.0,8,8
c7i-xlarge,8,normal,0,9,9.2,8,8
c7i-xlarge,8,normal,0,10,14,9,8
c7i-xlarge,8,normal,0,11,5.9,8,8
c7i-xlarge,8,normal,0,12,7.3,9,8
c7i-xlarge,8,normal,0,13,6.1,10,8
c7i-xlarge,8,normal,0,14,10,9,8
c7i-xlarge,8,normal,0,15,7.6,9,8
c7i-xlarge,8,normal,0,16,5.2,9,8
c7i-xlarge,8,normal,0,17,5.5,8,8
c7i-xlarge,8,normal,0,18,7.8,8,8
c7i-xlarge,8,normal,0,19,8.1,9,8
c7i-xlarge,8,normal,0,20,9.1,9,8
c7i-xlarge,8,normal,0,21,4.1,9,8
c7i-xlarge,8,normal,0,22,13,8,8
c7i-xlarge,8,normal,0,23,4.3,8,8
c7i-xlarge,8,normal,0,24,4.8,9,8
c7i-xlarge,8,normal,0,25,5.2,8,8
c7i-xlarge,8,normal,0,26,7.4,9,8
c7i-xlarge,8,normal,0,27,7.6,9,8
c7i-xlarge,8,normal,0,28,5.0,8,8
c7i-xlarge,8,normal,0,29,5.8,9,8
c7i-xlarge,8,normal,0,30,3.6,9,8
c7i-xlarge,8,normal,0,31,11,11,8
c7i-xlarge,8,normal,0,32,7.6,8,8
c7i-xlarge,8,normal,0,33,5.3,9,8
c7i-xlarge,8,normal,0,34,4.3,10,8
c7i-xlarge,8,normal,0,35,4.2,9,8
c7i-xlarge,8,normal,0,36,11,8,8
c7i-xlarge,8,normal,0,37,4.3,8,8
c7i-xlarge,8,normal,0,38,7.1,8,8
c7i-xlarge,8,normal,0,39,8.9,8,8
c7i-xlarge,8,normal,0,40,7.1,9,8
c7i-xlarge,16,normal,0,1,5.7,9,16
c7i-xlarge,16,normal,0,2,4.1,8,16
c7i-xlarge,16,normal,0,3,5.1,8,16
c7i-xlarge,16,normal,0,4,12,8,16
c7i-xlarge,16,normal,0,5,10,9,16
c7i-xlarge,16,normal,0,6,5.5,9,16
c7i-xlarge,16,normal,0,7,12,8,16
c7i-xlarge,16,normal,0,8,8.0,10,16
c7i-xlarge,16,normal,0,9,4.5,8,16
c7i-xlarge,16,normal,0,10,5.2,8,16
c7i-xlarge,16,normal,0,11,4.7,8,16
c7i-xlarge,16,normal,0,12,5.7,8,16
c7i-xlarge,16,normal,0,13,8.5,9,16
c7i-xlarge,16,normal,0,14,4.3,10,16
c7i-xlarge,16,normal,0,15,7.8,11,16
c7i-xlarge,16,normal,0,16,7.8,10,16
c7i-xlarge,16,normal,0,17,4.2,8,16
c7i-xlarge,16,normal,0,18,4.1,8,16
c7i-xlarge,16,normal,0,19,10,8,16
c7i-xlarge,16,normal,0,20,5.6,9,16
c7i-xlarge,16,normal,0,21,8.3,9,16
c7i-xlarge,16,normal,0,22,6.4,9,16
c7i-xlarge,16,normal,0,23,4.7,10,16
c7i-xlarge,16,normal,0,24,5.7,9,16
c7i-xlarge,16,normal,0,25,5.4,8,16
c7i-xlarge,16,normal,0,26,4.7,8,16
c7i-xlarge,16,normal,0,27,7.8,9,16
c7i-xlarge,16,normal,0,28,5.0,8,16
c7i-xlarge,16,normal,0,29,8.3,8,16
c7i-xlarge,16,normal,0,30,5.2,9,16
c7i-xlarge,16,normal,0,31,7.9,8,16
c7i-xlarge,16,normal,0,32,7.4,9,16
c7i-xlarge,16,normal,0,33,8.7,10,16
c7i-xlarge,16,normal,0,34,4.9,9,16
c7i-xlarge,16,normal,0,35,13,9,16
c7i-xlarge,16,normal,0,36,10,9,16
c7i-xlarge,16,normal,0,37,5.7,9,16
c7i-xlarge,16,normal,0,38,3.3,10,16
c7i-xlarge,16,normal,0,39,5.4,9,16
c7i-xlarge,16,normal,0,40,4.2,9,16
c7i-xlarge,32,normal,0,1,13,8,32
c7i-xlarge,32,normal,0,2,14,8,32
c7i-xlarge,32,normal,0,3,8.7,9,32
c7i-xlarge,32,normal,0,4,9.2,8,32
c7i-xlarge,32,normal,0,5,7.5,8,32
c7i-xlarge,32,normal,0,6,8.1,12,32
c7i-xlarge,32,normal,0,7,5.4,8,32
c7i-xlarge,32,normal,0,8,11,8,32
c7i-xlarge,32,normal,0,9,4.2,8,32
c7i-xlarge,32,normal,0,10,6.9,9,32
c7i-xlarge,32,normal,0,11,5.9,9,32
c7i-xlarge,32,normal,0,12,4.1,8,32
c7i-xlarge,32,normal,0,13,4.1,9,32
c7i-xlarge,32,normal,0,14,7.6,9,32
c7i-xlarge,32,normal,0,15,7.2,8,32
c7i-xlarge,32,normal,0,16,6.6,9,32
c7i-xlarge,32,normal,0,17,4.6,10,32
c7i-xlarge,32,normal,0,18,14,9,32
c7i-xlarge,32,normal,0,19,1.5,11,32
c7i-xlarge,32,normal,0,20,7.4,8,32
c7i-xlarge,32,normal,0,21,5.9,9,32
c7i-xlarge,32,normal,0,22,7.8,9,32
c7i-xlarge,32,normal,0,23,10,8,32
c7i-xlarge,32,normal,0,24,7.1,9,32
c7i-xlarge,32,normal,0,25,9.8,9,32
c7i-xlarge,32,normal,0,26,7.8,10,32
c7i-xlarge,32,normal,0,27,12,8,32
c7i-xlarge,32,normal,0,28,7.1,8,32
c7i-xlarge,32,normal,0,29,6.3,9,32
c7i-xlarge,32,normal,0,30,6.0,9,32
c7i-xlarge,32,normal,0,31,4.7,8,32
c7i-xlarge,32,normal,0,32,4.7,10,32
c7i-xlarge,32,normal,0,33,4.3,8,32
c7i-xlarge,32,normal,0,34,7.4,11,32
c7i-xlarge,32,normal,0,35,4.0,9,32
c7i-xlarge,32,normal,0,36,7.9,9,32
c7i-xlarge,32,normal,0,37,8.6,9,32
c7i-xlarge,32,normal,0,38,4.8,9,32
c7i-xlarge,32,normal,0,39,4.2,8,32
c7i-xlarge,32,normal,0,40,12,9,32
c7i-xlarge,64,normal,0,1,4.8,8,64
c7i-xlarge,64,normal,0,2,12,8,64
c7i-xlarge,64,normal,0,3,2.7,9,64
c7i-xlarge,64,normal,0,4,7.7,10,64
c7i-xlarge,64,normal,0,5,4.0,9,64
c7i-xlarge,64,normal,0,6,8.5,9,64
c7i-xlarge,64,normal,0,7,11,8,64
c7i-xlarge,64,normal,0,8,4.8,8,64
c7i-xlarge,64,normal,0,9,5.6,8,64
c7i-xlarge,64,normal,0,10,5.1,9,64
c7i-xlarge,64,normal,0,11,5.0,8,64
c7i-xlarge,64,normal,0,12,2.3,10,64
c7i-xlarge,64,normal,0,13,5.0,8,64
c7i-xlarge,64,normal,0,14,4.7,9,64
c7i-xlarge,64,normal,0,15,5.4,8,64
c7i-xlarge,64,normal,0,16,4.6,9,64
c7i-xlarge,64,normal,0,17,5.0,8,64
c7i-xlarge,64,normal,0,18,7.3,8,64
c7i-xlarge,64,normal,0,19,8.8,8,64
c7i-xlarge,64,normal,0,20,5.8,9,64
c7i-xlarge,64,normal,0,21,10,8,64
c7i-xlarge,64,normal,0,22,5.5,9,64
c7i-xlarge,64,normal,0,23,4.3,9,64
c7i-xlarge,64,normal,0,24,5.2,11,64
c7i-xlarge,64,normal,0,25,4.5,9,64
c7i-xlarge,64,normal,0,26,5.3,8,64
c7i-xlarge,64,normal,0,27,7.7,8,64
c7i-xlarge,64,normal,0,28,6.7,10,64
c7i-xlarge,64,normal,0,29,4.5,9,64
c7i-xlarge,64,normal,0,30,5.3,8,64
c7i-xlarge,64,normal,0,31,6.3,8,64
c7i-xlarge,64,normal,0,32,7.1,12,64
c7i-xlarge,64,normal,0,33,8.7,8,64
c7i-xlarge,64,normal,0,34,6.9,9,64
c7i-xlarge,64,normal,0,35,7.2,9,64
c7i-xlarge,64,normal,0,36,4.4,9,64
c7i-xlarge,64,normal,0,37,4.7,9,64
c7i-xlarge,64,normal,0,38,4.2,8,64
c7i-xlarge,64,normal,0,39,4.8,8,64
c7i-xlarge,64,normal,0,40,5.7,9,64
c7i-xlarge,1,expedited,1,1,0.051,4,1
c7i-xlarge,1,expedited,1,2,0.014,4,1
c7i-xlarge,1,expedited,1,3,0.030,4,1
c7i-xlarge,1,expedited,1,4,0.022,4,1
c7i-xlarge,1,expedited,1,5,0.014,4,1
c7i-xlarge,1,expedited,1,6,0.017,4,1
c7i-xlarge,1,expedited,1,7,0.015,4,1
c7i-xlarge,1,expedited,1,8,0.015,4,1
c7i-xlarge,1,expedited,1,9,0.022,4,1
c7i-xlarge,1,expedited,1,10,0.025,4,1
c7i-xlarge,1,expedited,1,11,0.027,4,1
c7i-xlarge,1,expedited,1,12,0.022,4,1
c7i-xlarge,1,expedited,1,13,0.019,4,1
c7i-xlarge,1,expedited,1,14,0.060,4,1
c7i-xlarge,1,expedited,1,15,0.020,4,1
c7i-xlarge,1,expedited,1,16,0.014,4,1
c7i-xlarge,1,expedited,1,17,0.016,4,1
c7i-xlarge,1,expedited,1,18,0.020,4,1
c7i-xlarge,1,expedited,1,19,0.019,5,1
c7i-xlarge,1,expedited,1,20,0.030,4,1
c7i-xlarge,1,expedited,1,21,0.019,5,1
c7i-xlarge,1,expedited,1,22,0.020,4,1
c7i-xlarge,1,expedited,1,23,0.014,4,1
c7i-xlarge,1,expedited,1,24,0.013,4,1
c7i-xlarge,1,expedited,1,25,0.013,4,1
c7i-xlarge,1,expedited,1,26,0.022,4,1
c7i-xlarge,1,expedited,1,27,0.022,4,1
c7i-xlarge,1,expedited,1,28,0.015,4,1
c7i-xlarge,1,expedited,1,29,0.020,4,1
c7i-xlarge,1,expedited,1,30,0.017,4,1
c7i-xlarge,1,expedited,1,31,0.023,4,1
c7i-xlarge,1,expedited,1,32,0.023,4,1
c7i-xlarge,1,expedited,1,33,0.027,4,1
c7i-xlarge,1,expedited,1,34,0.022,4,1
c7i-xlarge,1,expedited,1,35,0.052,4,1
c7i-xlarge,1,expedited,1,36,0.014,4,1
c7i-xlarge,1,expedited,1,37,0.022,4,1
c7i-xlarge,1,expedited,1,38,0.015,4,1
c7i-xlarge,1,expedited,1,39,0.023,4,1
c7i-xlarge,1,expedited,1,40,0.018,4,1
c7i-xlarge,2,expedited,1,1,0.024,5,2
c7i-xlarge,2,expedited,1,2,0.020,5,2
c7i-xlarge,2,expedited,1,3,0.015,5,2
c7i-xlarge,2,expedited,1,4,0.017,5,2
c7i-xlarge,2,expedited,1,5,0.018,5,2
c7i-xlarge,2,expedited,1,6,0.020,5,2
c7i-xlarge,2,expedited,1,7,0.016,5,2
c7i-xlarge,2,expedited,1,8,0.013,5,2
c7i-xlarge,2,expedited,1,9,0.021,6,2
c7i-xlarge,2,expedited,1,10,0.024,5,2
c7i-xlarge,2,expedited,1,11,0.019,5,2
c7i-xlarge,2,expedited,1,12,0.015,5,2
c7i-xlarge,2,expedited,1,13,0.016,5,2
c7i-xlarge,2,expedited,1,14,0.021,5,2
c7i-xlarge,2,expedited,1,15,0.024,5,2
c7i-xlarge,2,expedited,1,16,0.018,5,2
c7i-xlarge,2,expedited,1,17,0.041,5,2
c7i-xlarge,2,expedited,1,18,0.014,5,2
c7i-xlarge,2,expedited,1,19,0.019,6,2
c7i-xlarge,2,expedited,1,20,0.026,5,2
c7i-xlarge,2,expedited,1,21,0.018,5,2
c7i-xlarge,2,expedited,1,22,0.020,6,2
c7i-xlarge,2,expedited,1,23,0.024,5,2
c7i-xlarge,2,expedited,1,24,0.024,5,2
c7i-xlarge,2,expedited,1,25,0.017,5,2
c7i-xlarge,2,expedited,1,26,0.017,5,2
c7i-xlarge,2,expedited,1,27,0.014,5,2
c7i-xlarge,2,expedited,1,28,0.021,6,2
c7i-xlarge,2,expedited,1,29,0.020,5,2
c7i-xlarge,2,expedited,1,30,0.015,5,2
c7i-xlarge,2,expedited,1,31,0.022,5,2
c7i-xlarge,2,expedited,1,32,0.026,5,2
c7i-xlarge,2,expedited,1,33,0.014,6,2
c7i-xlarge,2,expedited,1,34,0.022,5,2
c7i-xlarge,2,expedited,1,35,0.019,5,2
c7i-xlarge,2,expedited,1,36,0.015,5,2
c7i-xlarge,2,expedited,1,37,0.015,5,2
c7i-xlarge,2,expedited,1,38,0.023,5,2
c7i-xlarge,2,expedited,1,39,0.020,5,2
c7i-xlarge,2,expedited,1,40,0.020,5,2
c7i-xlarge,4,expedited,1,1,0.022,8,4
c7i-xlarge,4,expedited,1,2,0.014,7,4
c7i-xlarge,4,expedited,1,3,0.021,7,4
c7i-xlarge,4,expedited,1,4,0.019,7,4
c7i-xlarge,4,expedited,1,5,0.022,8,4
c7i-xlarge,4,expedited,1,6,0.014,7,4
c7i-xlarge,4,expedited,1,7,0.023,7,4
c7i-xlarge,4,expedited,1,8,0.024,8,4
c7i-xlarge,4,expedited,1,9,0.015,7,4
c7i-xlarge,4,expedited,1,10,0.017,8,4
c7i-xlarge,4,expedited,1,11,0.015,8,4
c7i-xlarge,4,expedited,1,12,0.021,8,4
c7i-xlarge,4,expedited,1,13,0.014,7,4
c7i-xlarge,4,expedited,1,14,0.014,7,4
c7i-xlarge,4,expedited,1,15,0.024,7,4
c7i-xlarge,4,expedited,1,16,0.028,7,4
c7i-xlarge,4,expedited,1,17,0.015,8,4
c7i-xlarge,4,expedited,1,18,0.034,8,4
c7i-xlarge,4,expedited,1,19,0.018,7,4
c7i-xlarge,4,expedited,1,20,0.034,7,4
c7i-xlarge,4,expedited,1,21,0.016,7,4
c7i-xlarge,4,expedited,1,22,0.014,7,4
c7i-xlarge,4,expedited,1,23,0.023,7,4
c7i-xlarge,4,expedited,1,24,0.014,8,4
c7i-xlarge,4,expedited,1,25,0.015,8,4
c7i-xlarge,4,expedited,1,26,0.022,8,4
c7i-xlarge,4,expedited,1,27,0.023,7,4
c7i-xlarge,4,expedited,1,28,0.017,7,4
c7i-xlarge,4,expedited,1,29,0.015,7,4
c7i-xlarge,4,expedited,1,30,0.020,8,4
c7i-xlarge,4,expedited,1,31,0.030,7,4
c7i-xlarge,4,expedited,1,32,0.016,8,4
c7i-xlarge,4,expedited,1,33,0.017,7,4
c7i-xlarge,4,expedited,1,34,0.023,7,4
c7i-xlarge,4,expedited,1,35,0.014,7,4
c7i-xlarge,4,expedited,1,36,0.046,7,4
c7i-xlarge,4,expedited,1,37,0.014,7,4
c7i-xlarge,4,expedited,1,38,0.021,7,4
c7i-xlarge,4,expedited,1,39,0.022,7,4
c7i-xlarge,4,expedited,1,40,0.016,7,4
c7i-xlarge,8,expedited,1,1,0.013,9,8
c7i-xlarge,8,expedited,1,2,0.019,9,8
c7i-xlarge,8,expedited,1,3,0.017,8,8
c7i-xlarge,8,expedited,1,4,0.027,8,8
c7i-xlarge,8,expedited,1,5,0.015,9,8
c7i-xlarge,8,expedited,1,6,0.022,9,8
c7i-xlarge,8,expedited,1,7,0.020,8,8
c7i-xlarge,8,expedited,1,8,0.021,10,8
c7i-xlarge,8,expedited,1,9,0.017,9,8
c7i-xlarge,8,expedited,1,10,0.013,8,8
c7i-xlarge,8,expedited,1,11,0.015,8,8
c7i-xlarge,8,expedited,1,12,0.022,8,8
c7i-xlarge,8,expedited,1,13,0.019,9,8
c7i-xlarge,8,expedited,1,14,0.014,8,8
c7i-xlarge,8,expedited,1,15,0.019,9,8
c7i-xlarge,8,expedited,1,16,0.024,8,8
c7i-xlarge,8,expedited,1,17,0.015,9,8
c7i-xlarge,8,expedited,1,18,0.018,8,8
c7i-xlarge,8,expedited,1,19,0.027,9,8
c7i-xlarge,8,expedited,1,20,0.020,9,8
c7i-xlarge,8,expedited,1,21,0.057,9,8
c7i-xlarge,8,expedited,1,22,0.013,8,8
c7i-xlarge,8,expedited,1,23,0.015,8,8
c7i-xlarge,8,expedited,1,24,0.029,9,8
c7i-xlarge,8,expedited,1,25,0.014,9,8
c7i-xlarge,8,expedited,1,26,0.014,9,8
c7i-xlarge,8,expedited,1,27,0.015,8,8
c7i-xlarge,8,expedited,1,28,0.024,7,8
c7i-xlarge,8,expedited,1,29,0.024,9,8
c7i-xlarge,8,expedited,1,30,0.018,10,8
c7i-xlarge,8,expedited,1,31,0.030,9,8
c7i-xlarge,8,expedited,1,32,0.018,10,8
c7i-xlarge,8,expedited,1,33,0.018,9,8
c7i-xlarge,8,expedited,1,34,0.027,9,8
c7i-xlarge,8,expedited,1,35,0.014,10,8
c7i-xlarge,8,expedited,1,36,0.032,9,8
c7i-xlarge,8,expedited,1,37,0.014,9,8
c7i-xlarge,8,expedited,1,38,0.024,9,8
c7i-xlarge,8,expedited,1,39,0.014,10,8
c7i-xlarge,8,expedited,1,40,0.023,9,8
c7i-xlarge,16,expedited,1,1,0.021,8,16
c7i-xlarge,16,expedited,1,2,0.012,9,16
c7i-xlarge,16,expedited,1,3,0.021,11,16
c7i-xlarge,16,expedited,1,4,0.019,8,16
c7i-xlarge,16,expedited,1,5,0.022,8,16
c7i-xlarge,16,expedited,1,6,0.020,8,16
c7i-xlarge,16,expedited,1,7,0.020,9,16
c7i-xlarge,16,expedited,1,8,0.019,9,16
c7i-xlarge,16,expedited,1,9,0.018,8,16
c7i-xlarge,16,expedited,1,10,0.017,8,16
c7i-xlarge,16,expedited,1,11,0.015,8,16
c7i-xlarge,16,expedited,1,12,0.019,9,16
c7i-xlarge,16,expedited,1,13,0.020,8,16
c7i-xlarge,16,expedited,1,14,0.026,9,16
c7i-xlarge,16,expedited,1,15,0.021,9,16
c7i-xlarge,16,expedited,1,16,0.031,10,16
c7i-xlarge,16,expedited,1,17,0.032,9,16
c7i-xlarge,16,expedited,1,18,0.025,8,16
c7i-xlarge,16,expedited,1,19,0.013,9,16
c7i-xlarge,16,expedited,1,20,0.014,8,16
c7i-xlarge,16,expedited,1,21,0.024,10,16
c7i-xlarge,16,expedited,1,22,0.030,9,16
c7i-xlarge,16,expedited,1,23,0.021,8,16
c7i-xlarge,16,expedited,1,24,0.014,9,16
c7i-xlarge,16,expedited,1,25,0.032,8,16
c7i-xlarge,16,expedited,1,26,0.023,9,16
c7i-xlarge,16,expedited,1,27,0.013,10,16
c7i-xlarge,16,expedited,1,28,0.020,8,16
c7i-xlarge,16,expedited,1,29,0.016,8,16
c7i-xlarge,16,expedited,1,30,0.028,9,16
c7i-xlarge,16,expedited,1,31,0.015,8,16
c7i-xlarge,16,expedited,1,32,0.019,9,16
c7i-xlarge,16,expedited,1,33,0.019,8,16
c7i-xlarge,16,expedited,1,34,0.022,8,16
c7i-xlarge,16,expedited,1,35,0.023,11,16
c7i-xlarge,16,expedited,1,36,0.014,9,16
c7i-xlarge,16,expedited,1,37,0.021,8,16
c7i-xlarge,16,expedited,1,38,0.026,9,16
c7i-xlarge,16,expedited,1,39,0.020,9,16
c7i-xlarge,16,expedited,1,40,0.024,9,16
c7i-xlarge,32,expedited,1,1,0.021,9,32
c7i-xlarge,32,expedited,1,2,0.016,9,32
c7i-xlarge,32,expedited,1,3,0.045,9,32
c7i-xlarge,32,expedited,1,4,0.020,9,32
c7i-xlarge,32,expedited,1,5,0.027,10,32
c7i-xlarge,32,expedited,1,6,0.058,9,32
c7i-xlarge,32,expedited,1,7,0.021,8,32
c7i-xlarge,32,expedited,1,8,0.044,10,32
c7i-xlarge,32,expedited,1,9,0.024,8,32
c7i-xlarge,32,expedited,1,10,0.014,8,32
c7i-xlarge,32,expedited,1,11,0.020,9,32
c7i-xlarge,32,expedited,1,12,0.020,8,32
c7i-xlarge,32,expedited,1,13,0.022,11,32
c7i-xlarge,32,expedited,1,14,0.014,9,32
c7i-xlarge,32,expedited,1,15,0.014,9,32
c7i-xlarge,32,expedited,1,16,0.018,8,32
c7i-xlarge,32,expedited,1,17,0.018,8,32
c7i-xlarge,32,expedited,1,18,0.043,8,32
c7i-xlarge,32,expedited,1,19,0.021,8,32
c7i-xlarge,32,expedited,1,20,0.024,8,32
c7i-xlarge,32,expedited,1,21,0.015,9,32
c7i-xlarge,32,expedited,1,22,0.017,9,32
c7i-xlarge,32,expedited,1,23,0.018,8,32
c7i-xlarge,32,expedited,1,24,0.020,12,32
c7i-xlarge,32,expedited,1,25,0.032,7,32
c7i-xlarge,32,expedited,1,26,0.019,9,32
c7i-xlarge,32,expedited,1,27,0.096,9,32
c7i-xlarge,32,expedited,1,28,0.023,7,32
c7i-xlarge,32,expedited,1,29,0.024,9,32
c7i-xlarge,32,expedited,1,30,0.019,10,32
c7i-xlarge,32,expedited,1,31,0.022,8,32
c7i-xlarge,32,expedited,1,32,0.038,9,32
c7i-xlarge,32,expedited,1,33,0.037,8,32
c7i-xlarge,32,expedited,1,34,0.029,8,32
c7i-xlarge,32,expedited,1,35,0.019,9,32
c7i-xlarge,32,expedited,1,36,0.023,8,32
c7i-xlarge,32,expedited,1,37,0.019,8,32
c7i-xlarge,32,expedited,1,38,0.026,8,32
c7i-xlarge,32,expedited,1,39,0.020,8,32
c7i-xlarge,32,expedited,1,40,0.016,9,32
c7i-xlarge,64,expedited,1,1,0.020,8,64
c7i-xlarge,64,expedited,1,2,0.021,8,64
c7i-xlarge,64,expedited,1,3,0.014,8,64
c7i-xlarge,64,expedited,1,4,0.020,9,64
c7i-xlarge,64,expedited,1,5,0.028,11,64
c7i-xlarge,64,expedited,1,6,0.016,12,64
c7i-xlarge,64,expedited,1,7,0.015,10,64
c7i-xlarge,64,expedited,1,8,0.017,10,64
c7i-xlarge,64,expedited,1,9,0.023,8,64
c7i-xlarge,64,expedited,1,10,0.029,9,64
c7i-xlarge,64,expedited,1,11,0.015,8,64
c7i-xlarge,64,expedited,1,12,0.020,9,64
c7i-xlarge,64,expedited,1,13,0.027,8,64
c7i-xlarge,64,expedited,1,14,0.027,9,64
c7i-xlarge,64,expedited,1,15,0.020,8,64
c7i-xlarge,64,expedited,1,16,0.024,8,64
c7i-xlarge,64,expedited,1,17,0.017,13,64
c7i-xlarge,64,expedited,1,18,0.016,8,64
c7i-xlarge,64,expedited,1,19,0.022,8,64
c7i-xlarge,64,expedited,1,20,0.021,8,64
c7i-xlarge,64,expedited,1,21,0.030,8,64
c7i-xlarge,64,expedited,1,22,0.019,8,64
c7i-xlarge,64,expedited,1,23,0.015,8,64
c7i-xlarge,64,expedited,1,24,0.017,8,64
c7i-xlarge,64,expedited,1,25,0.015,8,64
c7i-xlarge,64,expedited,1,26,0.016,8,64
c7i-xlarge,64,expedited,1,27,0.039,8,64
c7i-xlarge,64,expedited,1,28,0.022,8,64
c7i-xlarge,64,expedited,1,29,0.022,8,64
c7i-xlarge,64,expedited,1,30,0.018,12,64
c7i-xlarge,64,expedited,1,31,0.014,9,64
c7i-xlarge,64,expedited,1,32,0.034,9,64
c7i-xlarge,64,expedited,1,33,0.019,9,64
c7i-xlarge,64,expedited,1,34,0.033,9,64
c7i-xlarge,64,expedited,1,35,0.020,8,64
c7i-xlarge,64,expedited,1,36,0.022,10,64
c7i-xlarge,64,expedited,1,37,0.031,9,64
c7i-xlarge,64,expedited,1,38,0.020,8,64
c7i-xlarge,64,expedited,1,39,0.016,9,64
c7i-xlarge,64,expedited,1,40,0.020,8,64
c7g-16xlarge,1,normal,0,1,17,4,1
c7g-16xlarge,1,normal,0,2,20,4,1
c7g-16xlarge,1,normal,0,3,23,4,1
c7g-16xlarge,1,normal,0,4,22,4,1
c7g-16xlarge,1,normal,0,5,12,4,1
c7g-16xlarge,1,normal,0,6,24,4,1
c7g-16xlarge,1,normal,0,7,16,4,1
c7g-16xlarge,1,normal,0,8,22,4,1
c7g-16xlarge,1,normal,0,9,20,4,1
c7g-16xlarge,1,normal,0,10,20,4,1
c7g-16xlarge,1,normal,0,11,22,4,1
c7g-16xlarge,1,normal,0,12,15,4,1
c7g-16xlarge,1,normal,0,13,17,4,1
c7g-16xlarge,1,normal,0,14,17,4,1
c7g-16xlarge,1,normal,0,15,17,4,1
c7g-16xlarge,1,normal,0,16,18,4,1
c7g-16xlarge,1,normal,0,17,20,4,1
c7g-16xlarge,1,normal,0,18,23,4,1
c7g-16xlarge,1,normal,0,19,15,4,1
c7g-16xlarge,1,normal,0,20,18,4,1
c7g-16xlarge,1,normal,0,21,18,4,1
c7g-16xlarge,1,normal,0,22,16,4,1
c7g-16xlarge,1,normal,0,23,16,4,1
c7g-16xlarge,1,normal,0,24,19,4,1
c7g-16xlarge,1,normal,0,25,17,4,1
c7g-16xlarge,1,normal,0,26,16,4,1
c7g-16xlarge,1,normal,0,27,17,4,1
c7g-16xlarge,1,normal,0,28,20,4,1
c7g-16xlarge,1,normal,0,29,16,4,1
c7g-16xlarge,1,normal,0,30,15,4,1
c7g-16xlarge,1,normal,0,31,17,4,1
c7g-16xlarge,1,normal,0,32,17,4,1
c7g-16xlarge,1,normal,0,33,18,4,1
c7g-16xlarge,1,normal,0,34,15,4,1
c7g-16xlarge,1,normal,0,35,17,4,1
c7g-16xlarge,1,normal,0,36,18,4,1
c7g-16xlarge,1,normal,0,37,19,4,1
c7g-16xlarge,1,normal,0,38,14,4,1
c7g-16xlarge,1,normal,0,39,10,4,1
c7g-16xlarge,1,normal,0,40,16,4,1
c7g-16xlarge,2,normal,0,1,17,5,2
c7g-16xlarge,2,normal,0,2,10,5,2
c7g-16xlarge,2,normal,0,3,12,5,2
c7g-16xlarge,2,normal,0,4,22,5,2
c7g-16xlarge,2,normal,0,5,16,5,2
c7g-16xlarge,2,normal,0,6,17,5,2
c7g-16xlarge,2,normal,0,7,17,5,2
c7g-16xlarge,2,normal,0,8,15,5,2
c7g-16xlarge,2,normal,0,9,14,5,2
c7g-16xlarge,2,normal,0,10,20,5,2
c7g-16xlarge,2,normal,0,11,18,5,2
c7g-16xlarge,2,normal,0,12,22,5,2
c7g-16xlarge,2,normal,0,13,13,5,2
c7g-16xlarge,2,normal,0,14,12,5,2
c7g-16xlarge,2,normal,0,15,13,5,2
c7g-16xlarge,2,normal,0,16,14,5,2
c7g-16xlarge,2,normal,0,17,23,5,2
c7g-16xlarge,2,normal,0,18,14,5,2
c7g-16xlarge,2,normal,0,19,17,5,2
c7g-16xlarge,2,normal,0,20,21,5,2
c7g-16xlarge,2,normal,0,21,19,5,2
c7g-16xlarge,2,normal,0,22,11,5,2
c7g-16xlarge,2,normal,0,23,10,5,2
c7g-16xlarge,2,normal,0,24,9.9,5,2
c7g-16xlarge,2,normal,0,25,17,5,2
c7g-16xlarge,2,normal,0,26,18,5,2
c7g-16xlarge,2,normal,0,27,13,5,2
c7g-16xlarge,2,normal,0,28,12,5,2
c7g-16xlarge,2,normal,0,29,11,5,2
c7g-16xlarge,2,normal,0,30,17,5,2
c7g-16xlarge,2,normal,0,31,17,5,2
c7g-16xlarge,2,normal,0,32,7.7,5,2
c7g-16xlarge,2,normal,0,33,12,5,2
c7g-16xlarge,2,normal,0,34,17,5,2
c7g-16xlarge,2,normal,0,35,14,5,2
c7g-16xlarge,2,normal,0,36,12,5,2
c7g-16xlarge,2,normal,0,37,21,5,2
c7g-16xlarge,2,normal,0,38,15,5,2
c7g-16xlarge,2,normal,0,39,7.5,5,2
c7g-16xlarge,2,normal,0,40,21,5,2
c7g-16xlarge,4,normal,0,1,13,7,4
c7g-16xlarge,4,normal,0,2,17,7,4
c7g-16xlarge,4,normal,0,3,12,8,4
c7g-16xlarge,4,normal,0,4,17,8,4
c7g-16xlarge,4,normal,0,5,12,7,4
c7g-16xlarge,4,normal,0,6,20,7,4
c7g-16xlarge,4,normal,0,7,9.1,7,4
c7g-16xlarge,4,normal,0,8,16,7,4
c7g-16xlarge,4,normal,0,9,9.3,7,4
c7g-16xlarge,4,normal,0,10,13,7,4
c7g-16xlarge,4,normal,0,11,14,7,4
c7g-16xlarge,4,normal,0,12,14,7,4
c7g-16xlarge,4,normal,0,13,16,7,4
c7g-16xlarge,4,normal,0,14,23,7,4
c7g-16xlarge,4,normal,0,15,17,7,4
c7g-16xlarge,4,normal,0,16,15,7,4
c7g-16xlarge,4,normal,0,17,18,7,4
c7g-16xlarge,4,normal,0,18,17,7,4
c7g-16xlarge,4,normal,0,19,16,7,4
c7g-16xlarge,4,normal,0,20,14,8,4
c7g-16xlarge,4,normal,0,21,18,7,4
c7g-16xlarge,4,normal,0,22,21,7,4
c7g-16xlarge,4,normal,0,23,10,8,4
c7g-16xlarge,4,normal,0,24,13,8,4
c7g-16xlarge,4,normal,0,25,15,8,4
c7g-16xlarge,4,normal,0,26,11,7,4
c7g-16xlarge,4,normal,0,27,19,7,4
c7g-16xlarge,4,normal,0,28,9.6,7,4
c7g-16xlarge,4,normal,0,29,13,8,4
c7g-16xlarge,4,normal,0,30,14,8,4
c7g-16xlarge,4,normal,0,31,11,7,4
c7g-16xlarge,4,normal,0,32,22,8,4
c7g-16xlarge,4,normal,0,33,15,7,4
c7g-16xlarge,4,normal,0,34,14,7,4
c7g-16xlarge,4,normal,0,35,11,8,4
c7g-16xlarge,4,normal,0,36,10,8,4
c7g-16xlarge,4,normal,0,37,12,7,4
c7g-16xlarge,4,normal,0,38,13,7,4
c7g-16xlarge,4,normal,0,39,13,7,4
c7g-16xlarge,4,normal,0,40,17,8,4
c7g-16xlarge,8,normal,0,1,14,11,8
c7g-16xlarge,8,normal,0,2,9.4,11,8
c7g-16xlarge,8,normal,0,3,13,10,8
c7g-16xlarge,8,normal,0,4,9.8,10,8
c7g-16xlarge,8,normal,0,5,17,11,8
c7g-16xlarge,8,normal,0,6,17,11,8
c7g-16xlarge,8,normal,0,7,16,11,8
c7g-16xlarge,8,normal,0,8,16,11,8
c7g-16xlarge,8,normal,0,9,15,11,8
c7g-16xlarge,8,normal,0,10,12,11,8
c7g-16xlarge,8,normal,0,11,22,11,8
c7g-16xlarge,8,normal,0,12,11,10,8
c7g-16xlarge,8,normal,0,13,6.0,11,8
c7g-16xlarge,8,normal,0,14,19,11,8
c7g-16xlarge,8,normal,0,15,14,11,8
c7g-16xlarge,8,normal,0,16,7.3,11,8
c7g-16xlarge,8,normal,0,17,24,11,8
c7g-16xlarge,8,normal,0,18,25,11,8
c7g-16xlarge,8,normal,0,19,11,11,8
c7g-16xlarge,8,normal,0,20,16,11,8
c7g-16xlarge,8,normal,0,21,14,11,8
c7g-16xlarge,8,normal,0,22,18,10,8
c7g-16xlarge,8,normal,0,23,17,11,8
c7g-16xlarge,8,normal,0,24,9.4,11,8
c7g-16xlarge,8,normal,0,25,12,11,8
c7g-16xlarge,8,normal,0,26,18,11,8
c7g-16xlarge,8,normal,0,27,13,11,8
c7g-16xlarge,8,normal,0,28,16,11,8
c7g-16xlarge,8,normal,0,29,19,11,8
c7g-16xlarge,8,normal,0,30,11,11,8
c7g-16xlarge,8,normal,0,31,13,11,8
c7g-16xlarge,8,normal,0,32,16,10,8
c7g-16xlarge,8,normal,0,33,12,11,8
c7g-16xlarge,8,normal,0,34,11,11,8
c7g-16xlarge,8,normal,0,35,21,11,8
c7g-16xlarge,8,normal,0,36,9.9,11,8
c7g-16xlarge,8,normal,0,37,15,11,8
c7g-16xlarge,8,normal,0,38,21,11,8
c7g-16xlarge,8,normal,0,39,21,11,8
c7g-16xlarge,8,normal,0,40,13,11,8
c7g-16xlarge,16,normal,0,1,13,14,16
c7g-16xlarge,16,normal,0,2,16,13,16
c7g-16xlarge,16,normal,0,3,10,11,16
c7g-16xlarge,16,normal,0,4,23,16,16
c7g-16xlarge,16,normal,0,5,14,13,16
c7g-16xlarge,16,normal,0,6,10,12,16
c7g-16xlarge,16,normal,0,7,10,14,16
c7g-16xlarge,16,normal,0,8,12,14,16
c7g-16xlarge,16,normal,0,9,19,13,16
c7g-16xlarge,16,normal,0,10,14,14,16
c7g-16xlarge,16,normal,0,11,21,15,16
c7g-16xlarge,16,normal,0,12,23,14,16
c7g-16xlarge,16,normal,0,13,21,15,16
c7g-16xlarge,16,normal,0,14,16,13,16
c7g-16xlarge,16,normal,0,15,11,12,16
c7g-16xlarge,16,normal,0,16,14,12,16
c7g-16xlarge,16,normal,0,17,18,13,16
c7g-16xlarge,16,normal,0,18,26,16,16
c7g-16xlarge,16,normal,0,19,10,16,16
c7g-16xlarge,16,normal,0,20,21,16,16
c7g-16xlarge,16,normal,0,21,14,14,16
c7g-16xlarge,16,normal,0,22,18,13,16
c7g-16xlarge,16,normal,0,23,18,14,16
c7g-16xlarge,16,normal,0,24,15,14,16
c7g-16xlarge,16,normal,0,25,19,13,16
c7g-16xlarge,16,normal,0,26,22,16,16
c7g-16xlarge,16,normal,0,27,19,13,16
c7g-16xlarge,16,normal,0,28,25,16,16
c7g-16xlarge,16,normal,0,29,15,13,16
c7g-16xlarge,16,normal,0,30,16,13,16
c7g-16xlarge,16,normal,0,31,17,14,16
c7g-16xlarge,16,normal,0,32,17,13,16
c7g-16xlarge,16,normal,0,33,17,12,16
c7g-16xlarge,16,normal,0,34,18,14,16
c7g-16xlarge,16,normal,0,35,16,17,16
c7g-16xlarge,16,normal,0,36,16,12,16
c7g-16xlarge,16,normal,0,37,17,13,16
c7g-16xlarge,16,normal,0,38,13,12,16
c7g-16xlarge,16,normal,0,39,13,12,16
c7g-16xlarge,16,normal,0,40,18,14,16
c7g-16xlarge,32,normal,0,1,17,17,32
c7g-16xlarge,32,normal,0,2,12,15,32
c7g-16xlarge,32,normal,0,3,18,13,32
c7g-16xlarge,32,normal,0,4,16,13,32
c7g-16xlarge,32,normal,0,5,7.0,17,32
c7g-16xlarge,32,normal,0,6,13,14,32
c7g-16xlarge,32,normal,0,7,16,15,32
c7g-16xlarge,32,normal,0,8,12,15,32
c7g-16xlarge,32,normal,0,9,13,15,32
c7g-16xlarge,32,normal,0,10,12,16,32
c7g-16xlarge,32,normal,0,11,12,13,32
c7g-16xlarge,32,normal,0,12,13,14,32
c7g-16xlarge,32,normal,0,13,17,17,32
c7g-16xlarge,32,normal,0,14,15,18,32
c7g-16xlarge,32,normal,0,15,12,17,32
c7g-16xlarge,32,normal,0,16,11,14,32
c7g-16xlarge,32,normal,0,17,15,15,32
c7g-16xlarge,32,normal,0,18,18,13,32
c7g-16xlarge,32,normal,0,19,16,16,32
c7g-16xlarge,32,normal,0,20,15,15,32
c7g-16xlarge,32,normal,0,21,16,17,32
c7g-16xlarge,32,normal,0,22,8.9,15,32
c7g-16xlarge,32,normal,0,23,24,13,32
c7g-16xlarge,32,normal,0,24,13,18,32
c7g-16xlarge,32,normal,0,25,20,19,32
c7g-16xlarge,32,normal,0,26,18,13,32
c7g-16xlarge,32,normal,0,27,15,13,32
c7g-16xlarge,32,normal,0,28,16,13,32
c7g-16xlarge,32,normal,0,29,15,13,32
c7g-16xlarge,32,normal,0,30,16,15,32
c7g-16xlarge,32,normal,0,31,15,17,32
c7g-16xlarge,32,normal,0,32,10,12,32
c7g-16xlarge,32,normal,0,33,16,17,32
c7g-16xlarge,32,normal,0,34,14,15,32
c7g-16xlarge,32,normal,0,35,21,18,32
c7g-16xlarge,32,normal,0,36,17,15,32
c7g-16xlarge,32,normal,0,37,13,17,32
c7g-16xlarge,32,normal,0,38,19,16,32
c7g-16xlarge,32,normal,0,39,17,16,32
c7g-16xlarge,32,normal,0,40,20,13,32
c7g-16xlarge,64,normal,0,1,12,13,64
c7g-16xlarge,64,normal,0,2,7.6,18,64
c7g-16xlarge,64,normal,0,3,21,15,64
c7g-16xlarge,64,normal,0,4,13,13,64
c7g-16xlarge,64,normal,0,5,15,14,64
c7g-16xlarge,64,normal,0,6,17,13,64
c7g-16xlarge,64,normal,0,7,20,19,64
c7g-16xlarge,64,normal,0,8,18,14,64
c7g-16xlarge,64,normal,0,9,9.7,16,64
c7g-16xlarge,64,normal,0,10,17,18,64
c7g-16xlarge,64,normal,0,11,19,13,64
c7g-16xlarge,64,normal,0,12,13,16,64
c7g-16xlarge,64,normal,0,13,18,13,64
c7g-16xlarge,64,normal,0,14,22,13,64
c7g-16xlarge,64,normal,0,15,18,17,64
c7g-16xlarge,64,normal,0,16,14,13,64
c7g-16xlarge,64,normal,0,17,22,15,64
c7g-16xlarge,64,normal,0,18,23,14,64
c7g-16xlarge,64,normal,0,19,18,15,64
c7g-16xlarge,64,normal,0,20,21,18,64
c7g-16xlarge,64,normal,0,21,13,18,64
c7g-16xlarge,64,normal,0,22,19,17,64
c7g-16xlarge,64,normal,0,23,7.9,18,64
c7g-16xlarge,64,normal,0,24,18,13,64
c7g-16xlarge,64,normal,0,25,17,18,64
c7g-16xlarge,64,normal,0,26,15,18,64
c7g-16xlarge,64,normal,0,27,19,15,64
c7g-16xlarge,64,normal,0,28,15,18,64
c7g-16xlarge,64,normal,0,29,13,16,64
c7g-16xlarge,64,normal,0,30,14,17,64
c7g-16xlarge,64,normal,0,31,18,16,64
c7g-16xlarge,64,normal,0,32,19,13,64
c7g-16xlarge,64,normal,0,33,11,18,64
c7g-16xlarge,64,normal,0,34,25,17,64
c7g-16xlarge,64,normal,0,35,20,13,64
c7g-16xlarge,64,normal,0,36,16,16,64
c7g-16xlarge,64,normal,0,37,20,17,64
c7g-16xlarge,64,normal,0,38,13,14,64
c7g-16xlarge,64,normal,0,39,19,14,64
c7g-16xlarge,64,normal,0,40,11,13,64
c7g-16xlarge,1,expedited,1,1,0.037,4,1
c7g-16xlarge,1,expedited,1,2,0.030,4,1
c7g-16xlarge,1,expedited,1,3,0.034,4,1
c7g-16xlarge,1,expedited,1,4,0.031,4,1
c7g-16xlarge,1,expedited,1,5,0.027,4,1
c7g-16xlarge,1,expedited,1,6,0.029,4,1
c7g-16xlarge,1,expedited,1,7,0.032,4,1
c7g-16xlarge,1,expedited,1,8,0.028,4,1
c7g-16xlarge,1,expedited,1,9,0.037,4,1
c7g-16xlarge,1,expedited,1,10,0.032,4,1
c7g-16xlarge,1,expedited,1,11,0.028,4,1
c7g-16xlarge,1,expedited,1,12,0.029,4,1
c7g-16xlarge,1,expedited,1,13,0.030,4,1
c7g-16xlarge,1,expedited,1,14,0.029,4,1
c7g-16xlarge,1,expedited,1,15,0.028,4,1
c7g-16xlarge,1,expedited,1,16,0.028,5,1
c7g-16xlarge,1,expedited,1,17,0.029,4,1
c7g-16xlarge,1,expedited,1,18,0.029,4,1
c7g-16xlarge,1,expedited,1,19,0.032,4,1
c7g-16xlarge,1,expedited,1,20,0.026,4,1
c7g-16xlarge,1,expedited,1,21,0.027,4,1
c7g-16xlarge,1,expedited,1,22,0.037,4,1
c7g-16xlarge,1,expedited,1,23,0.028,4,1
c7g-16xlarge,1,expedited,1,24,0.029,4,1
c7g-16xlarge,1,expedited,1,25,0.030,4,1
c7g-16xlarge,1,expedited,1,26,0.030,4,1
c7g-16xlarge,1,expedited,1,27,0.026,4,1
c7g-16xlarge,1,expedited,1,28,0.026,4,1
c7g-16xlarge,1,expedited,1,29,0.032,4,1
c7g-16xlarge,1,expedited,1,30,0.032,4,1
c7g-16xlarge,1,expedited,1,31,0.031,4,1
c7g-16xlarge,1,expedited,1,32,0.028,4,1
c7g-16xlarge,1,expedited,1,33,0.030,4,1
c7g-16xlarge,1,expedited,1,34,0.028,4,1
c7g-16xlarge,1,expedited,1,35,0.031,4,1
c7g-16xlarge,1,expedited,1,36,0.033,4,1
c7g-16xlarge,1,expedited,1,37,0.029,4,1
c7g-16xlarge,1,expedited,1,38,0.028,4,1
c7g-16xlarge,1,expedited,1,39,0.030,4,1
c7g-16xlarge,1,expedited,1,40,0.027,4,1
c7g-16xlarge,2,expedited,1,1,0.026,5,2
c7g-16xlarge,2,expedited,1,2,0.028,5,2
c7g-16xlarge,2,expedited,1,3,0.027,5,2
c7g-16xlarge,2,expedited,1,4,0.030,5,2
c7g-16xlarge,2,expedited,1,5,0.029,5,2
c7g-16xlarge,2,expedited,1,6,0.030,5,2
c7g-16xlarge,2,expedited,1,7,0.029,5,2
c7g-16xlarge,2,expedited,1,8,0.031,6,2
c7g-16xlarge,2,expedited,1,9,0.029,5,2
c7g-16xlarge,2,expedited,1,10,0.030,5,2
c7g-16xlarge,2,expedited,1,11,0.029,5,2
c7g-16xlarge,2,expedited,1,12,0.026,5,2
c7g-16xlarge,2,expedited,1,13,0.028,5,2
c7g-16xlarge,2,expedited,1,14,0.028,5,2
c7g-16xlarge,2,expedited,1,15,0.030,5,2
c7g-16xlarge,2,expedited,1,16,0.027,5,2
c7g-16xlarge,2,expedited,1,17,0.031,5,2
c7g-16xlarge,2,expedited,1,18,0.029,5,2
c7g-16xlarge,2,expedited,1,19,0.030,5,2
c7g-16xlarge,2,expedited,1,20,0.029,5,2
c7g-16xlarge,2,expedited,1,21,0.028,5,2
c7g-16xlarge,2,expedited,1,22,0.033,5,2
c7g-16xlarge,2,expedited,1,23,0.029,5,2
c7g-16xlarge,2,expedited,1,24,0.030,5,2
c7g-16xlarge,2,expedited,1,25,0.027,5,2
c7g-16xlarge,2,expedited,1,26,0.036,5,2
c7g-16xlarge,2,expedited,1,27,0.028,6,2
c7g-16xlarge,2,expedited,1,28,0.028,5,2
c7g-16xlarge,2,expedited,1,29,0.029,5,2
c7g-16xlarge,2,expedited,1,30,0.030,5,2
c7g-16xlarge,2,expedited,1,31,0.030,5,2
c7g-16xlarge,2,expedited,1,32,0.030,5,2
c7g-16xlarge,2,expedited,1,33,0.028,5,2
c7g-16xlarge,2,expedited,1,34,0.028,5,2
c7g-16xlarge,2,expedited,1,35,0.028,5,2
c7g-16xlarge,2,expedited,1,36,0.032,5,2
c7g-16xlarge,2,expedited,1,37,0.029,5,2
c7g-16xlarge,2,expedited,1,38,0.033,5,2
c7g-16xlarge,2,expedited,1,39,0.029,5,2
c7g-16xlarge,2,expedited,1,40,0.027,5,2
c7g-16xlarge,4,expedited,1,1,0.029,7,4
c7g-16xlarge,4,expedited,1,2,0.028,7,4
c7g-16xlarge,4,expedited,1,3,0.034,7,4
c7g-16xlarge,4,expedited,1,4,0.027,7,4
c7g-16xlarge,4,expedited,1,5,0.034,8,4
c7g-16xlarge,4,expedited,1,6,0.028,7,4
c7g-16xlarge,4,expedited,1,7,0.027,8,4
c7g-16xlarge,4,expedited,1,8,0.031,7,4
c7g-16xlarge,4,expedited,1,9,0.027,7,4
c7g-16xlarge,4,expedited,1,10,0.032,7,4
c7g-16xlarge,4,expedited,1,11,0.030,7,4
c7g-16xlarge,4,expedited,1,12,0.029,8,4
c7g-16xlarge,4,expedited,1,13,0.061,8,4
c7g-16xlarge,4,expedited,1,14,0.029,7,4
c7g-16xlarge,4,expedited,1,15,0.028,7,4
c7g-16xlarge,4,expedited,1,16,0.030,7,4
c7g-16xlarge,4,expedited,1,17,0.031,7,4
c7g-16xlarge,4,expedited,1,18,0.026,8,4
c7g-16xlarge,4,expedited,1,19,0.031,8,4
c7g-16xlarge,4,expedited,1,20,0.032,7,4
c7g-16xlarge,4,expedited,1,21,0.027,7,4
c7g-16xlarge,4,expedited,1,22,0.029,7,4
c7g-16xlarge,4,expedited,1,23,0.033,7,4
c7g-16xlarge,4,expedited,1,24,0.043,7,4
c7g-16xlarge,4,expedited,1,25,0.036,7,4
c7g-16xlarge,4,expedited,1,26,0.031,7,4
c7g-16xlarge,4,expedited,1,27,0.038,7,4
c7g-16xlarge,4,expedited,1,28,0.035,8,4
c7g-16xlarge,4,expedited,1,29,0.029,7,4
c7g-16xlarge,4,expedited,1,30,0.026,7,4
c7g-16xlarge,4,expedited,1,31,0.030,7,4
c7g-16xlarge,4,expedited,1,32,0.027,7,4
c7g-16xlarge,4,expedited,1,33,0.026,7,4
c7g-16xlarge,4,expedited,1,34,0.034,7,4
c7g-16xlarge,4,expedited,1,35,0.031,7,4
c7g-16xlarge,4,expedited,1,36,0.029,7,4
c7g-16xlarge,4,expedited,1,37,0.032,7,4
c7g-16xlarge,4,expedited,1,38,0.036,7,4
c7g-16xlarge,4,expedited,1,39,0.030,7,4
c7g-16xlarge,4,expedited,1,40,0.026,7,4
c7g-16xlarge,8,expedited,1,1,0.025,11,8
c7g-16xlarge,8,expedited,1,2,0.026,11,8
c7g-16xlarge,8,expedited,1,3,0.025,11,8
c7g-16xlarge,8,expedited,1,4,0.028,11,8
c7g-16xlarge,8,expedited,1,5,0.049,11,8
c7g-16xlarge,8,expedited,1,6,0.028,10,8
c7g-16xlarge,8,expedited,1,7,0.031,11,8
c7g-16xlarge,8,expedited,1,8,0.029,12,8
c7g-16xlarge,8,expedited,1,9,0.029,10,8
c7g-16xlarge,8,expedited,1,10,0.029,10,8
c7g-16xlarge,8,expedited,1,11,0.030,11,8
c7g-16xlarge,8,expedited,1,12,0.027,10,8
c7g-16xlarge,8,expedited,1,13,0.029,11,8
c7g-16xlarge,8,expedited,1,14,0.027,10,8
c7g-16xlarge,8,expedited,1,15,0.028,11,8
c7g-16xlarge,8,expedited,1,16,0.031,12,8
c7g-16xlarge,8,expedited,1,17,0.027,11,8
c7g-16xlarge,8,expedited,1,18,0.038,11,8
c7g-16xlarge,8,expedited,1,19,0.028,11,8
c7g-16xlarge,8,expedited,1,20,0.034,11,8
c7g-16xlarge,8,expedited,1,21,0.030,11,8
c7g-16xlarge,8,expedited,1,22,0.030,11,8
c7g-16xlarge,8,expedited,1,23,0.031,11,8
c7g-16xlarge,8,expedited,1,24,0.031,11,8
c7g-16xlarge,8,expedited,1,25,0.035,11,8
c7g-16xlarge,8,expedited,1,26,0.029,10,8
c7g-16xlarge,8,expedited,1,27,0.031,12,8
c7g-16xlarge,8,expedited,1,28,0.027,11,8
c7g-16xlarge,8,expedited,1,29,0.027,10,8
c7g-16xlarge,8,expedited,1,30,0.027,11,8
c7g-16xlarge,8,expedited,1,31,0.028,11,8
c7g-16xlarge,8,expedited,1,32,0.031,10,8
c7g-16xlarge,8,expedited,1,33,0.031,11,8
c7g-16xlarge,8,expedited,1,34,0.037,11,8
c7g-16xlarge,8,expedited,1,35,0.030,10,8
c7g-16xlarge,8,expedited,1,36,0.056,11,8
c7g-16xlarge,8,expedited,1,37,0.027,11,8
c7g-16xlarge,8,expedited,1,38,0.030,10,8
c7g-16xlarge,8,expedited,1,39,0.029,11,8
c7g-16xlarge,8,expedited,1,40,0.030,11,8
c7g-16xlarge,16,expedited,1,1,0.028,13,16
c7g-16xlarge,16,expedited,1,2,0.027,14,16
c7g-16xlarge,16,expedited,1,3,0.029,13,16
c7g-16xlarge,16,expedited,1,4,0.029,13,16
c7g-16xlarge,16,expedited,1,5,0.030,14,16
c7g-16xlarge,16,expedited,1,6,0.035,12,16
c7g-16xlarge,16,expedited,1,7,0.023,15,16
c7g-16xlarge,16,expedited,1,8,0.036,13,16
c7g-16xlarge,16,expedited,1,9,0.032,13,16
c7g-16xlarge,16,expedited,1,10,0.027,13,16
c7g-16xlarge,16,expedited,1,11,0.032,13,16
c7g-16xlarge,16,expedited,1,12,0.034,13,16
c7g-16xlarge,16,expedited,1,13,0.026,13,16
c7g-16xlarge,16,expedited,1,14,0.030,13,16
c7g-16xlarge,16,expedited,1,15,0.032,14,16
c7g-16xlarge,16,expedited,1,16,0.028,14,16
c7g-16xlarge,16,expedited,1,17,0.029,13,16
c7g-16xlarge,16,expedited,1,18,0.036,14,16
c7g-16xlarge,16,expedited,1,19,0.033,14,16
c7g-16xlarge,16,expedited,1,20,0.028,13,16
c7g-16xlarge,16,expedited,1,21,0.030,12,16
c7g-16xlarge,16,expedited,1,22,0.029,13,16
c7g-16xlarge,16,expedited,1,23,0.027,14,16
c7g-16xlarge,16,expedited,1,24,0.030,13,16
c7g-16xlarge,16,expedited,1,25,0.030,14,16
c7g-16xlarge,16,expedited,1,26,0.031,15,16
c7g-16xlarge,16,expedited,1,27,0.030,13,16
c7g-16xlarge,16,expedited,1,28,0.031,12,16
c7g-16xlarge,16,expedited,1,29,0.031,13,16
c7g-16xlarge,16,expedited,1,30,0.030,13,16
c7g-16xlarge,16,expedited,1,31,0.032,12,16
c7g-16xlarge,16,expedited,1,32,0.027,13,16
c7g-16xlarge,16,expedited,1,33,0.036,15,16
c7g-16xlarge,16,expedited,1,34,0.027,13,16
c7g-16xlarge,16,expedited,1,35,0.027,14,16
c7g-16xlarge,16,expedited,1,36,0.032,13,16
c7g-16xlarge,16,expedited,1,37,0.034,15,16
c7g-16xlarge,16,expedited,1,38,0.036,13,16
c7g-16xlarge,16,expedited,1,39,0.030,13,16
c7g-16xlarge,16,expedited,1,40,0.034,13,16
c7g-16xlarge,32,expedited,1,1,0.029,14,32
c7g-16xlarge,32,expedited,1,2,0.027,14,32
c7g-16xlarge,32,expedited,1,3,0.030,15,32
c7g-16xlarge,32,expedited,1,4,0.029,15,32
c7g-16xlarge,32,expedited,1,5,0.028,13,32
c7g-16xlarge,32,expedited,1,6,0.033,13,32
c7g-16xlarge,32,expedited,1,7,0.028,14,32
c7g-16xlarge,32,expedited,1,8,0.030,14,32
c7g-16xlarge,32,expedited,1,9,0.028,13,32
c7g-16xlarge,32,expedited,1,10,0.031,14,32
c7g-16xlarge,32,expedited,1,11,0.028,14,32
c7g-16xlarge,32,expedited,1,12,0.027,13,32
c7g-16xlarge,32,expedited,1,13,0.028,14,32
c7g-16xlarge,32,expedited,1,14,0.028,14,32
c7g-16xlarge,32,expedited,1,15,0.030,15,32
c7g-16xlarge,32,expedited,1,16,0.028,14,32
c7g-16xlarge,32,expedited,1,17,0.029,15,32
c7g-16xlarge,32,expedited,1,18,0.026,13,32
c7g-16xlarge,32,expedited,1,19,0.032,14,32
c7g-16xlarge,32,expedited,1,20,0.029,12,32
c7g-16xlarge,32,expedited,1,21,0.028,15,32
c7g-16xlarge,32,expedited,1,22,0.030,13,32
c7g-16xlarge,32,expedited,1,23,0.029,14,32
c7g-16xlarge,32,expedited,1,24,0.035,14,32
c7g-16xlarge,32,expedited,1,25,0.034,15,32
c7g-16xlarge,32,expedited,1,26,0.030,15,32
c7g-16xlarge,32,expedited,1,27,0.043,13,32
c7g-16xlarge,32,expedited,1,28,0.028,16,32
c7g-16xlarge,32,expedited,1,29,0.030,15,32
c7g-16xlarge,32,expedited,1,30,0.033,14,32
c7g-16xlarge,32,expedited,1,31,0.028,15,32
c7g-16xlarge,32,expedited,1,32,0.030,15,32
c7g-16xlarge,32,expedited,1,33,0.032,15,32
c7g-16xlarge,32,expedited,1,34,0.029,15,32
c7g-16xlarge,32,expedited,1,35,0.030,15,32
c7g-16xlarge,32,expedited,1,36,0.030,15,32
c7g-16xlarge,32,expedited,1,37,0.034,14,32
c7g-16xlarge,32,expedited,1,38,0.035,14,32
c7g-16xlarge,32,expedited,1,39,0.030,14,32
c7g-16xlarge,32,expedited,1,40,0.027,15,32
c7g-16xlarge,64,expedited,1,1,0.029,14,64
c7g-16xlarge,64,expedited,1,2,0.030,14,64
c7g-16xlarge,64,expedited,1,3,0.029,13,64
c7g-16xlarge,64,expedited,1,4,0.033,15,64
c7g-16xlarge,64,expedited,1,5,0.034,13,64
c7g-16xlarge,64,expedited,1,6,0.028,14,64
c7g-16xlarge,64,expedited,1,7,0.026,13,64
c7g-16xlarge,64,expedited,1,8,0.029,15,64
c7g-16xlarge,64,expedited,1,9,0.028,13,64
c7g-16xlarge,64,expedited,1,10,0.028,14,64
c7g-16xlarge,64,expedited,1,11,0.029,14,64
c7g-16xlarge,64,expedited,1,12,0.037,14,64
c7g-16xlarge,64,expedited,1,13,0.030,14,64
c7g-16xlarge,64,expedited,1,14,0.030,14,64
c7g-16xlarge,64,expedited,1,15,0.028,13,64
c7g-16xlarge,64,expedited,1,16,0.038,13,64
c7g-16xlarge,64,expedited,1,17,0.037,14,64
c7g-16xlarge,64,expedited,1,18,0.029,14,64
c7g-16xlarge,64,expedited,1,19,0.030,14,64
c7g-16xlarge,64,expedited,1,20,0.027,13,64
c7g-16xlarge,64,expedited,1,21,0.027,14,64
c7g-16xlarge,64,expedited,1,22,0.035,14,64
c7g-16xlarge,64,expedited,1,23,0.031,14,64
c7g-16xlarge,64,expedited,1,24,0.091,13,64
c7g-16xlarge,64,expedited,1,25,0.030,15,64
c7g-16xlarge,64,expedited,1,26,0.035,14,64
c7g-16xlarge,64,expedited,1,27,0.030,15,64
c7g-16xlarge,64,expedited,1,28,0.028,14,64
c7g-16xlarge,64,expedited,1,29,0.037,14,64
c7g-16xlarge,64,expedited,1,30,0.033,14,64
c7g-16xlarge,64,expedited,1,31,0.029,15,64
c7g-16xlarge,64,expedited,1,32,0.030,14,64
c7g-16xlarge,64,expedited,1,33,0.033,14,64
c7g-16xlarge,64,expedited,1,34,0.031,14,64
c7g-16xlarge,64,expedited,1,35,0.031,15,64
c7g-16xlarge,64,expedited,1,36,0.073,14,64
c7g-16xlarge,64,expedited,1,37,0.15,14,64
c7g-16xlarge,64,expedited,1,38,0.029,12,64
c7g-16xlarge,64,expedited,1,39,0.032,14,64
c7g-16xlarge,64,expedited,1,40,0.028,14,64
c7a-16xlarge,1,normal,0,1,7.9,4,1
c7a-16xlarge,1,normal,0,2,7.2,4,1
c7a-16xlarge,1,normal,0,3,15,4,1
c7a-16xlarge,1,normal,0,4,12,4,1
c7a-16xlarge,1,normal,0,5,14,4,1
c7a-16xlarge,1,normal,0,6,14,4,1
c7a-16xlarge,1,normal,0,7,14,4,1
c7a-16xlarge,1,normal,0,8,18,4,1
c7a-16xlarge,1,normal,0,9,10,4,1
c7a-16xlarge,1,normal,0,10,15,4,1
c7a-16xlarge,1,normal,0,11,13,4,1
c7a-16xlarge,1,normal,0,12,14,4,1
c7a-16xlarge,1,normal,0,13,19,4,1
c7a-16xlarge,1,normal,0,14,5.6,4,1
c7a-16xlarge,1,normal,0,15,11,4,1
c7a-16xlarge,1,normal,0,16,14,4,1
c7a-16xlarge,1,normal,0,17,19,4,1
c7a-16xlarge,1,normal,0,18,15,4,1
c7a-16xlarge,1,normal,0,19,17,4,1
c7a-16xlarge,1,normal,0,20,14,4,1
c7a-16xlarge,1,normal,0,21,12,4,1
c7a-16xlarge,1,normal,0,22,10,4,1
c7a-16xlarge,1,normal,0,23,9.3,4,1
c7a-16xlarge,1,normal,0,24,6.8,5,1
c7a-16xlarge,1,normal,0,25,9.0,4,1
c7a-16xlarge,1,normal,0,26,14,4,1
c7a-16xlarge,1,normal,0,27,11,4,1
c7a-16xlarge,1,normal,0,28,14,4,1
c7a-16xlarge,1,normal,0,29,13,4,1
c7a-16xlarge,1,normal,0,30,18,4,1
c7a-16xlarge,1,normal,0,31,16,4,1
c7a-16xlarge,1,normal,0,32,8.4,4,1
c7a-16xlarge,1,normal,0,33,18,4,1
c7a-16xlarge,1,normal,0,34,19,4,1
c7a-16xlarge,1,normal,0,35,10,4,1
c7a-16xlarge,1,normal,0,36,9.5,4,1
c7a-16xlarge,1,normal,0,37,9.5,4,1
c7a-16xlarge,1,normal,0,38,11,4,1
c7a-16xlarge,1,normal,0,39,13,4,1
c7a-16xlarge,1,normal,0,40,19,4,1
c7a-16xlarge,2,normal,0,1,12,5,2
c7a-16xlarge,2,normal,0,2,16,5,2
c7a-16xlarge,2,normal,0,3,10,5,2
c7a-16xlarge,2,normal,0,4,16,5,2
c7a-16xlarge,2,normal,0,5,6.2,6,2
c7a-16xlarge,2,normal,0,6,12,6,2
c7a-16xlarge,2,normal,0,7,11,6,2
c7a-16xlarge,2,normal,0,8,12,5,2
c7a-16xlarge,2,normal,0,9,14,5,2
c7a-16xlarge,2,normal,0,10,14,5,2
c7a-16xlarge,2,normal,0,11,17,5,2
c7a-16xlarge,2,normal,0,12,11,5,2
c7a-16xlarge,2,normal,0,13,22,6,2
c7a-16xlarge,2,normal,0,14,16,5,2
c7a-16xlarge,2,normal,0,15,12,5,2
c7a-16xlarge,2,normal,0,16,20,5,2
c7a-16xlarge,2,normal,0,17,9.3,6,2
c7a-16xlarge,2,normal,0,18,14,5,2
c7a-16xlarge,2,normal,0,19,9.6,5,2
c7a-16xlarge,2,normal,0,20,18,6,2
c7a-16xlarge,2,normal,0,21,15,5,2
c7a-16xlarge,2,normal,0,22,11,5,2
c7a-16xlarge,2,normal,0,23,7.6,5,2
c7a-16xlarge,2,normal,0,24,19,5,2
c7a-16xlarge,2,normal,0,25,15,6,2
c7a-16xlarge,2,normal,0,26,16,5,2
c7a-16xlarge,2,normal,0,27,13,5,2
c7a-16xlarge,2,normal,0,28,13,5,2
c7a-16xlarge,2,normal,0,29,15,5,2
c7a-16xlarge,2,normal,0,30,13,5,2
c7a-16xlarge,2,normal,0,31,13,5,2
c7a-16xlarge,2,normal,0,32,13,5,2
c7a-16xlarge,2,normal,0,33,10,6,2
c7a-16xlarge,2,normal,0,34,15,6,2
c7a-16xlarge,2,normal,0,35,10,6,2
c7a-16xlarge,2,normal,0,36,16,5,2
c7a-16xlarge,2,normal,0,37,18,5,2
c7a-16xlarge,2,normal,0,38,9.8,5,2
c7a-16xlarge,2,normal,0,39,14,5,2
c7a-16xlarge,2,normal,0,40,11,6,2
c7a-16xlarge,4,normal,0,1,15,8,4
c7a-16xlarge,4,normal,0,2,9.6,7,4
c7a-16xlarge,4,normal,0,3,7.6,7,4
c7a-16xlarge,4,normal,0,4,11,7,4
c7a-16xlarge,4,normal,0,5,8.3,7,4
c7a-16xlarge,4,normal,0,6,14,7,4
c7a-16xlarge,4,normal,0,7,17,7,4
c7a-16xlarge,4,normal,0,8,17,7,4
c7a-16xlarge,4,normal,0,9,9.6,7,4
c7a-16xlarge,4,normal,0,10,10,7,4
c7a-16xlarge,4,normal,0,11,10,7,4
c7a-16xlarge,4,normal,0,12,14,7,4
c7a-16xlarge,4,normal,0,13,20,7,4
c7a-16xlarge,4,normal,0,14,10,7,4
c7a-16xlarge,4,normal,0,15,17,7,4
c7a-16xlarge,4,normal,0,16,13,7,4
c7a-16xlarge,4,normal,0,17,5.7,7,4
c7a-16xlarge,4,normal,0,18,20,7,4
c7a-16xlarge,4,normal,0,19,14,7,4
c7a-16xlarge,4,normal,0,20,13,7,4
c7a-16xlarge,4,normal,0,21,11,7,4
c7a-16xlarge,4,normal,0,22,10,7,4
c7a-16xlarge,4,normal,0,23,10,7,4
c7a-16xlarge,4,normal,0,24,17,7,4
c7a-16xlarge,4,normal,0,25,22,7,4
c7a-16xlarge,4,normal,0,26,13,7,4
c7a-16xlarge,4,normal,0,27,18,7,4
c7a-16xlarge,4,normal,0,28,12,7,4
c7a-16xlarge,4,normal,0,29,14,7,4
c7a-16xlarge,4,normal,0,30,10,8,4
c7a-16xlarge,4,normal,0,31,15,7,4
c7a-16xlarge,4,normal,0,32,13,7,4
c7a-16xlarge,4,normal,0,33,11,7,4
c7a-16xlarge,4,normal,0,34,16,7,4
c7a-16xlarge,4,normal,0,35,14,7,4
c7a-16xlarge,4,normal,0,36,9.6,8,4
c7a-16xlarge,4,normal,0,37,6.7,7,4
c7a-16xlarge,4,normal,0,38,13,7,4
c7a-16xlarge,4,normal,0,39,17,7,4
c7a-16xlarge,4,normal,0,40,17,7,4
c7a-16xlarge,8,normal,0,1,16,11,8
c7a-16xlarge,8,normal,0,2,20,10,8
c7a-16xlarge,8,normal,0,3,13,10,8
c7a-16xlarge,8,normal,0,4,10,11,8
c7a-16xlarge,8,normal,0,5,17,11,8
c7a-16xlarge,8,normal,0,6,9.8,11,8
c7a-16xlarge,8,normal,0,7,15,10,8
c7a-16xlarge,8,normal,0,8,9.6,11,8
c7a-16xlarge,8,normal,0,9,17,11,8
c7a-16xlarge,8,normal,0,10,11,11,8
c7a-16xlarge,8,normal,0,11,13,11,8
c7a-16xlarge,8,normal,0,12,14,11,8
c7a-16xlarge,8,normal,0,13,13,11,8
c7a-16xlarge,8,normal,0,14,14,11,8
c7a-16xlarge,8,normal,0,15,20,11,8
c7a-16xlarge,8,normal,0,16,15,11,8
c7a-16xlarge,8,normal,0,17,14,11,8
c7a-16xlarge,8,normal,0,18,18,11,8
c7a-16xlarge,8,normal,0,19,17,11,8
c7a-16xlarge,8,normal,0,20,5.8,11,8
c7a-16xlarge,8,normal,0,21,12,11,8
c7a-16xlarge,8,normal,0,22,5.1,11,8
c7a-16xlarge,8,normal,0,23,13,10,8
c7a-16xlarge,8,normal,0,24,20,11,8
c7a-16xlarge,8,normal,0,25,8.9,11,8
c7a-16xlarge,8,normal,0,26,9.2,11,8
c7a-16xlarge,8,normal,0,27,13,11,8
c7a-16xlarge,8,normal,0,28,11,11,8
c7a-16xlarge,8,normal,0,29,18,11,8
c7a-16xlarge,8,normal,0,30,6.0,11,8
c7a-16xlarge,8,normal,0,31,12,11,8
c7a-16xlarge,8,normal,0,32,18,11,8
c7a-16xlarge,8,normal,0,33,11,11,8
c7a-16xlarge,8,normal,0,34,16,11,8
c7a-16xlarge,8,normal,0,35,13,10,8
c7a-16xlarge,8,normal,0,36,13,11,8
c7a-16xlarge,8,normal,0,37,17,11,8
c7a-16xlarge,8,normal,0,38,14,11,8
c7a-16xlarge,8,normal,0,39,9.5,11,8
c7a-16xlarge,8,normal,0,40,13,11,8
c7a-16xlarge,16,normal,0,1,15,14,16
c7a-16xlarge,16,normal,0,2,14,15,16
c7a-16xlarge,16,normal,0,3,16,13,16
c7a-16xlarge,16,normal,0,4,16,12,16
c7a-16xlarge,16,normal,0,5,15,13,16
c7a-16xlarge,16,normal,0,6,13,15,16
c7a-16xlarge,16,normal,0,7,17,15,16
c7a-16xlarge,16,normal,0,8,10,14,16
c7a-16xlarge,16,normal,0,9,18,13,16
c7a-16xlarge,16,normal,0,10,15,13,16
c7a-16xlarge,16,normal,0,11,18,14,16
c7a-16xlarge,16,normal,0,12,16,13,16
c7a-16xlarge,16,normal,0,13,18,14,16
c7a-16xlarge,16,normal,0,14,17,14,16
c7a-16xlarge,16,normal,0,15,20,13,16
c7a-16xlarge,16,normal,0,16,22,13,16
c7a-16xlarge,16,normal,0,17,16,11,16
c7a-16xlarge,16,normal,0,18,14,14,16
c7a-16xlarge,16,normal,0,19,7.8,14,16
c7a-16xlarge,16,normal,0,20,18,16,16
c7a-16xlarge,16,normal,0,21,20,15,16
c7a-16xlarge,16,normal,0,22,15,15,16
c7a-16xlarge,16,normal,0,23,9.2,14,16
c7a-16xlarge,16,normal,0,24,9.6,15,16
c7a-16xlarge,16,normal,0,25,16,14,16
c7a-16xlarge,16,normal,0,26,20,13,16
c7a-16xlarge,16,normal,0,27,18,15,16
c7a-16xlarge,16,normal,0,28,13,14,16
c7a-16xlarge,16,normal,0,29,10,16,16
c7a-16xlarge,16,normal,0,30,10,15,16
c7a-16xlarge,16,normal,0,31,14,14,16
c7a-16xlarge,16,normal,0,32,8.0,13,16
c7a-16xlarge,16,normal,0,33,14,12,16
c7a-16xlarge,16,normal,0,34,12,13,16
c7a-16xlarge,16,normal,0,35,23,13,16
c7a-16xlarge,16,normal,0,36,6.7,14,16
c7a-16xlarge,16,normal,0,37,16,15,16
c7a-16xlarge,16,normal,0,38,19,12,16
c7a-16xlarge,16,normal,0,39,16,15,16
c7a-16xlarge,16,normal,0,40,18,14,16
c7a-16xlarge,32,normal,0,1,15,16,32
c7a-16xlarge,32,normal,0,2,15,15,32
c7a-16xlarge,32,normal,0,3,19,15,32
c7a-16xlarge,32,normal,0,4,13,12,32
c7a-16xlarge,32,normal,0,5,15,13,32
c7a-16xlarge,32,normal,0,6,8.2,14,32
c7a-16xlarge,32,normal,0,7,15,17,32
c7a-16xlarge,32,normal,0,8,13,15,32
c7a-16xlarge,32,normal,0,9,16,15,32
c7a-16xlarge,32,normal,0,10,17,15,32
c7a-16xlarge,32,normal,0,11,13,13,32
c7a-16xlarge,32,normal,0,12,19,14,32
c7a-16xlarge,32,normal,0,13,10,15,32
c7a-16xlarge,32,normal,0,14,10,13,32
c7a-16xlarge,32,normal,0,15,18,15,32
c7a-16xlarge,32,normal,0,16,19,13,32
c7a-16xlarge,32,normal,0,17,23,15,32
c7a-16xlarge,32,normal,0,18,14,16,32
c7a-16xlarge,32,normal,0,19,10,15,32
c7a-16xlarge,32,normal,0,20,13,13,32
c7a-16xlarge,32,normal,0,21,21,14,32
c7a-16xlarge,32,normal,0,22,20,14,32
c7a-16xlarge,32,normal,0,23,11,15,32
c7a-16xlarge,32,normal,0,24,13,16,32
c7a-16xlarge,32,normal,0,25,13,16,32
c7a-16xlarge,32,normal,0,26,13,19,32
c7a-16xlarge,32,normal,0,27,21,15,32
c7a-16xlarge,32,normal,0,28,20,14,32
c7a-16xlarge,32,normal,0,29,16,15,32
c7a-16xlarge,32,normal,0,30,16,14,32
c7a-16xlarge,32,normal,0,31,13,15,32
c7a-16xlarge,32,normal,0,32,18,16,32
c7a-16xlarge,32,normal,0,33,19,15,32
c7a-16xlarge,32,normal,0,34,9.1,15,32
c7a-16xlarge,32,normal,0,35,13,18,32
c7a-16xlarge,32,normal,0,36,12,15,32
c7a-16xlarge,32,normal,0,37,14,13,32
c7a-16xlarge,32,normal,0,38,12,14,32
c7a-16xlarge,32,normal,0,39,16,13,32
c7a-16xlarge,32,normal,0,40,13,13,32
c7a-16xlarge,64,normal,0,1,14,14,64
c7a-16xlarge,64,normal,0,2,8.5,18,64
c7a-16xlarge,64,normal,0,3,16,13,64
c7a-16xlarge,64,normal,0,4,7.2,13,64
c7a-16xlarge,64,normal,0,5,9.6,15,64
c7a-16xlarge,64,normal,0,6,14,14,64
c7a-16xlarge,64,normal,0,7,8.5,14,64
c7a-16xlarge,64,normal,0,8,16,16,64
c7a-16xlarge,64,normal,0,9,19,13,64
c7a-16xlarge,64,normal,0,10,15,13,64
c7a-16xlarge,64,normal,0,11,15,13,64
c7a-16xlarge,64,normal,0,12,12,17,64
c7a-16xlarge,64,normal,0,13,14,12,64
c7a-16xlarge,64,normal,0,14,22,14,64
c7a-16xlarge,64,normal,0,15,5.5,14,64
c7a-16xlarge,64,normal,0,16,7.9,14,64
c7a-16xlarge,64,normal,0,17,8.2,13,64
c7a-16xlarge,64,normal,0,18,10,14,64
c7a-16xlarge,64,normal,0,19,6.6,14,64
c7a-16xlarge,64,normal,0,20,13,15,64
c7a-16xlarge,64,normal,0,21,18,16,64
c7a-16xlarge,64,normal,0,22,18,16,64
c7a-16xlarge,64,normal,0,23,15,14,64
c7a-16xlarge,64,normal,0,24,20,14,64
c7a-16xlarge,64,normal,0,25,12,16,64
c7a-16xlarge,64,normal,0,26,6.9,18,64
c7a-16xlarge,64,normal,0,27,7.8,14,64
c7a-16xlarge,64,normal,0,28,16,14,64
c7a-16xlarge,64,normal,0,29,13,14,64
c7a-16xlarge,64,normal,0,30,14,11,64
c7a-16xlarge,64,normal,0,31,16,12,64
c7a-16xlarge,64,normal,0,32,8.3,13,64
c7a-16xlarge,64,normal,0,33,11,16,64
c7a-16xlarge,64,normal,0,34,10,14,64
c7a-16xlarge,64,normal,0,35,7.0,14,64
c7a-16xlarge,64,normal,0,36,9.5,17,64
c7a-16xlarge,64,normal,0,37,12,13,64
c7a-16xlarge,64,normal,0,38,9.5,14,64
c7a-16xlarge,64,normal,0,39,10,14,64
c7a-16xlarge,64,normal,0,40,6.8,16,64
c7a-16xlarge,1,expedited,1,1,0.054,4,1
c7a-16xlarge,1,expedited,1,2,0.042,4,1
c7a-16xlarge,1,expedited,1,3,0.060,4,1
c7a-16xlarge,1,expedited,1,4,0.041,5,1
c7a-16xlarge,1,expedited,1,5,0.041,5,1
c7a-16xlarge,1,expedited,1,6,0.041,4,1
c7a-16xlarge,1,expedited,1,7,0.062,4,1
c7a-16xlarge,1,expedited,1,8,0.057,4,1
c7a-16xlarge,1,expedited,1,9,0.055,4,1
c7a-16xlarge,1,expedited,1,10,0.045,4,1
c7a-16xlarge,1,expedited,1,11,0.042,4,1
c7a-16xlarge,1,expedited,1,12,0.050,4,1
c7a-16xlarge,1,expedited,1,13,0.043,4,1
c7a-16xlarge,1,expedited,1,14,0.034,4,1
c7a-16xlarge,1,expedited,1,15,0.040,4,1
c7a-16xlarge,1,expedited,1,16,0.044,4,1
c7a-16xlarge,1,expedited,1,17,0.053,4,1
c7a-16xlarge,1,expedited,1,18,0.038,4,1
c7a-16xlarge,1,expedited,1,19,0.036,4,1
c7a-16xlarge,1,expedited,1,20,0.041,4,1
c7a-16xlarge,1,expedited,1,21,0.043,4,1
c7a-16xlarge,1,expedited,1,22,0.042,4,1
c7a-16xlarge,1,expedited,1,23,0.041,4,1
c7a-16xlarge,1,expedited,1,24,0.058,4,1
c7a-16xlarge,1,expedited,1,25,0.039,4,1
c7a-16xlarge,1,expedited,1,26,0.038,4,1
c7a-16xlarge,1,expedited,1,27,0.043,4,1
c7a-16xlarge,1,expedited,1,28,0.039,4,1
c7a-16xlarge,1,expedited,1,29,0.057,4,1
c7a-16xlarge,1,expedited,1,30,0.055,4,1
c7a-16xlarge,1,expedited,1,31,0.051,4,1
c7a-16xlarge,1,expedited,1,32,0.052,4,1
c7a-16xlarge,1,expedited,1,33,0.054,4,1
c7a-16xlarge,1,expedited,1,34,0.044,4,1
c7a-16xlarge,1,expedited,1,35,0.041,4,1
c7a-16xlarge,1,expedited,1,36,0.048,4,1
c7a-16xlarge,1,expedited,1,37,0.055,4,1
c7a-16xlarge,1,expedited,1,38,0.069,4,1
c7a-16xlarge,1,expedited,1,39,0.050,4,1
c7a-16xlarge,1,expedited,1,40,0.057,4,1
c7a-16xlarge,2,expedited,1,1,0.050,5,2
c7a-16xlarge,2,expedited,1,2,0.050,6,2
c7a-16xlarge,2,expedited,1,3,0.074,5,2
c7a-16xlarge,2,expedited,1,4,0.048,5,2
c7a-16xlarge,2,expedited,1,5,0.030,5,2
c7a-16xlarge,2,expedited,1,6,0.057,5,2
c7a-16xlarge,2,expedited,1,7,0.039,5,2
c7a-16xlarge,2,expedited,1,8,0.063,5,2
c7a-16xlarge,2,expedited,1,9,0.049,5,2
c7a-16xlarge,2,expedited,1,10,0.037,5,2
c7a-16xlarge,2,expedited,1,11,0.037,5,2
c7a-16xlarge,2,expedited,1,12,0.061,6,2
c7a-16xlarge,2,expedited,1,13,0.057,5,2
c7a-16xlarge,2,expedited,1,14,0.054,5,2
c7a-16xlarge,2,expedited,1,15,0.066,6,2
c7a-16xlarge,2,expedited,1,16,0.055,5,2
c7a-16xlarge,2,expedited,1,17,0.053,5,2
c7a-16xlarge,2,expedited,1,18,0.066,5,2
c7a-16xlarge,2,expedited,1,19,0.041,5,2
c7a-16xlarge,2,expedited,1,20,0.046,6,2
c7a-16xlarge,2,expedited,1,21,0.037,6,2
c7a-16xlarge,2,expedited,1,22,0.047,6,2
c7a-16xlarge,2,expedited,1,23,0.036,5,2
c7a-16xlarge,2,expedited,1,24,0.055,5,2
c7a-16xlarge,2,expedited,1,25,0.048,6,2
c7a-16xlarge,2,expedited,1,26,0.049,5,2
c7a-16xlarge,2,expedited,1,27,0.053,6,2
c7a-16xlarge,2,expedited,1,28,0.051,6,2
c7a-16xlarge,2,expedited,1,29,0.054,5,2
c7a-16xlarge,2,expedited,1,30,0.047,5,2
c7a-16xlarge,2,expedited,1,31,0.053,6,2
c7a-16xlarge,2,expedited,1,32,0.039,5,2
c7a-16xlarge,2,expedited,1,33,0.058,5,2
c7a-16xlarge,2,expedited,1,34,0.041,6,2
c7a-16xlarge,2,expedited,1,35,0.053,5,2
c7a-16xlarge,2,expedited,1,36,0.048,5,2
c7a-16xlarge,2,expedited,1,37,0.060,5,2
c7a-16xlarge,2,expedited,1,38,0.050,6,2
c7a-16xlarge,2,expedited,1,39,0.057,6,2
c7a-16xlarge,2,expedited,1,40,0.038,5,2
c7a-16xlarge,4,expedited,1,1,0.043,7,4
c7a-16xlarge,4,expedited,1,2,0.035,7,4
c7a-16xlarge,4,expedited,1,3,0.035,7,4
c7a-16xlarge,4,expedited,1,4,0.068,7,4
c7a-16xlarge,4,expedited,1,5,0.047,7,4
c7a-16xlarge,4,expedited,1,6,0.052,7,4
c7a-16xlarge,4,expedited,1,7,0.050,8,4
c7a-16xlarge,4,expedited,1,8,0.051,7,4
c7a-16xlarge,4,expedited,1,9,0.051,7,4
c7a-16xlarge,4,expedited,1,10,0.048,7,4
c7a-16xlarge,4,expedited,1,11,0.056,7,4
c7a-16xlarge,4,expedited,1,12,0.050,7,4
c7a-16xlarge,4,expedited,1,13,0.052,7,4
c7a-16xlarge,4,expedited,1,14,0.041,7,4
c7a-16xlarge,4,expedited,1,15,0.040,7,4
c7a-16xlarge,4,expedited,1,16,0.033,7,4
c7a-16xlarge,4,expedited,1,17,0.036,7,4
c7a-16xlarge,4,expedited,1,18,0.039,7,4
c7a-16xlarge,4,expedited,1,19,0.053,7,4
c7a-16xlarge,4,expedited,1,20,0.053,7,4
c7a-16xlarge,4,expedited,1,21,0.053,7,4
c7a-16xlarge,4,expedited,1,22,0.045,7,4
c7a-16xlarge,4,expedited,1,23,0.059,7,4
c7a-16xlarge,4,expedited,1,24,0.044,7,4
c7a-16xlarge,4,expedited,1,25,0.038,7,4
c7a-16xlarge,4,expedited,1,26,0.084,7,4
c7a-16xlarge,4,expedited,1,27,0.038,7,4
c7a-16xlarge,4,expedited,1,28,0.039,7,4
c7a-16xlarge,4,expedited,1,29,0.033,7,4
c7a-16xlarge,4,expedited,1,30,0.043,7,4
c7a-16xlarge,4,expedited,1,31,0.044,7,4
c7a-16xlarge,4,expedited,1,32,0.047,7,4
c7a-16xlarge,4,expedited,1,33,0.039,7,4
c7a-16xlarge,4,expedited,1,34,0.043,7,4
c7a-16xlarge,4,expedited,1,35,0.044,7,4
c7a-16xlarge,4,expedited,1,36,0.054,7,4
c7a-16xlarge,4,expedited,1,37,0.052,7,4
c7a-16xlarge,4,expedited,1,38,0.052,7,4
c7a-16xlarge,4,expedited,1,39,0.049,7,4
c7a-16xlarge,4,expedited,1,40,0.041,7,4
c7a-16xlarge,8,expedited,1,1,0.048,11,8
c7a-16xlarge,8,expedited,1,2,0.056,11,8
c7a-16xlarge,8,expedited,1,3,0.050,11,8
c7a-16xlarge,8,expedited,1,4,0.046,10,8
c7a-16xlarge,8,expedited,1,5,0.052,11,8
c7a-16xlarge,8,expedited,1,6,0.046,11,8
c7a-16xlarge,8,expedited,1,7,0.050,11,8
c7a-16xlarge,8,expedited,1,8,0.051,11,8
c7a-16xlarge,8,expedited,1,9,0.028,11,8
c7a-16xlarge,8,expedited,1,10,0.044,11,8
c7a-16xlarge,8,expedited,1,11,0.059,10,8
c7a-16xlarge,8,expedited,1,12,0.046,11,8
c7a-16xlarge,8,expedited,1,13,0.053,10,8
c7a-16xlarge,8,expedited,1,14,0.051,11,8
c7a-16xlarge,8,expedited,1,15,0.043,11,8
c7a-16xlarge,8,expedited,1,16,0.038,11,8
c7a-16xlarge,8,expedited,1,17,0.059,11,8
c7a-16xlarge,8,expedited,1,18,0.060,11,8
c7a-16xlarge,8,expedited,1,19,0.047,10,8
c7a-16xlarge,8,expedited,1,20,0.054,11,8
c7a-16xlarge,8,expedited,1,21,0.050,11,8
c7a-16xlarge,8,expedited,1,22,0.040,11,8
c7a-16xlarge,8,expedited,1,23,0.050,11,8
c7a-16xlarge,8,expedited,1,24,0.056,10,8
c7a-16xlarge,8,expedited,1,25,0.051,11,8
c7a-16xlarge,8,expedited,1,26,0.039,11,8
c7a-16xlarge,8,expedited,1,27,0.054,11,8
c7a-16xlarge,8,expedited,1,28,0.053,10,8
c7a-16xlarge,8,expedited,1,29,0.041,11,8
c7a-16xlarge,8,expedited,1,30,0.038,11,8
c7a-16xlarge,8,expedited,1,31,0.049,10,8
c7a-16xlarge,8,expedited,1,32,0.054,11,8
c7a-16xlarge,8,expedited,1,33,0.062,11,8
c7a-16xlarge,8,expedited,1,34,0.052,11,8
c7a-16xlarge,8,expedited,1,35,0.040,11,8
c7a-16xlarge,8,expedited,1,36,0.041,11,8
c7a-16xlarge,8,expedited,1,37,0.041,11,8
c7a-16xlarge,8,expedited,1,38,0.054,11,8
c7a-16xlarge,8,expedited,1,39,0.041,11,8
c7a-16xlarge,8,expedited,1,40,0.054,10,8
c7a-16xlarge,16,expedited,1,1,0.039,13,16
c7a-16xlarge,16,expedited,1,2,0.047,15,16
c7a-16xlarge,16,expedited,1,3,0.036,15,16
c7a-16xlarge,16,expedited,1,4,0.046,15,16
c7a-16xlarge,16,expedited,1,5,0.043,14,16
c7a-16xlarge,16,expedited,1,6,0.048,13,16
c7a-16xlarge,16,expedited,1,7,0.036,13,16
c7a-16xlarge,16,expedited,1,8,0.062,13,16
c7a-16xlarge,16,expedited,1,9,0.040,14,16
c7a-16xlarge,16,expedited,1,10,0.047,13,16
c7a-16xlarge,16,expedited,1,11,0.053,15,16
c7a-16xlarge,16,expedited,1,12,0.047,13,16
c7a-16xlarge,16,expedited,1,13,0.054,13,16
c7a-16xlarge,16,expedited,1,14,0.049,13,16
c7a-16xlarge,16,expedited,1,15,0.043,12,16
c7a-16xlarge,16,expedited,1,16,0.054,15,16
c7a-16xlarge,16,expedited,1,17,0.042,13,16
c7a-16xlarge,16,expedited,1,18,0.046,14,16
c7a-16xlarge,16,expedited,1,19,0.054,13,16
c7a-16xlarge,16,expedited,1,20,0.048,14,16
c7a-16xlarge,16,expedited,1,21,0.042,12,16
c7a-16xlarge,16,expedited,1,22,0.047,14,16
c7a-16xlarge,16,expedited,1,23,0.038,15,16
c7a-16xlarge,16,expedited,1,24,0.041,14,16
c7a-16xlarge,16,expedited,1,25,0.051,13,16
c7a-16xlarge,16,expedited,1,26,0.039,13,16
c7a-16xlarge,16,expedited,1,27,0.029,13,16
c7a-16xlarge,16,expedited,1,28,0.055,14,16
c7a-16xlarge,16,expedited,1,29,0.050,13,16
c7a-16xlarge,16,expedited,1,30,0.054,14,16
c7a-16xlarge,16,expedited,1,31,0.052,14,16
c7a-16xlarge,16,expedited,1,32,0.051,15,16
c7a-16xlarge,16,expedited,1,33,0.043,14,16
c7a-16xlarge,16,expedited,1,34,0.039,11,16
c7a-16xlarge,16,expedited,1,35,0.050,13,16
c7a-16xlarge,16,expedited,1,36,0.049,15,16
c7a-16xlarge,16,expedited,1,37,0.042,12,16
c7a-16xlarge,16,expedited,1,38,0.049,15,16
c7a-16xlarge,16,expedited,1,39,0.053,14,16
c7a-16xlarge,16,expedited,1,40,0.045,14,16
c7a-16xlarge,32,expedited,1,1,0.050,14,32
c7a-16xlarge,32,expedited,1,2,0.049,14,32
c7a-16xlarge,32,expedited,1,3,0.051,13,32
c7a-16xlarge,32,expedited,1,4,0.056,15,32
c7a-16xlarge,32,expedited,1,5,0.041,15,32
c7a-16xlarge,32,expedited,1,6,0.048,15,32
c7a-16xlarge,32,expedited,1,7,0.037,13,32
c7a-16xlarge,32,expedited,1,8,0.045,14,32
c7a-16xlarge,32,expedited,1,9,0.040,15,32
c7a-16xlarge,32,expedited,1,10,0.044,15,32
c7a-16xlarge,32,expedited,1,11,0.033,14,32
c7a-16xlarge,32,expedited,1,12,0.048,14,32
c7a-16xlarge,32,expedited,1,13,0.046,15,32
c7a-16xlarge,32,expedited,1,14,0.043,15,32
c7a-16xlarge,32,expedited,1,15,0.051,16,32
c7a-16xlarge,32,expedited,1,16,0.053,15,32
c7a-16xlarge,32,expedited,1,17,0.041,12,32
c7a-16xlarge,32,expedited,1,18,0.040,16,32
c7a-16xlarge,32,expedited,1,19,0.041,15,32
c7a-16xlarge,32,expedited,1,20,0.039,15,32
c7a-16xlarge,32,expedited,1,21,0.051,15,32
c7a-16xlarge,32,expedited,1,22,0.040,15,32
c7a-16xlarge,32,expedited,1,23,0.045,14,32
c7a-16xlarge,32,expedited,1,24,0.036,15,32
c7a-16xlarge,32,expedited,1,25,0.039,15,32
c7a-16xlarge,32,expedited,1,26,0.044,14,32
c7a-16xlarge,32,expedited,1,27,0.043,16,32
c7a-16xlarge,32,expedited,1,28,0.058,13,32
c7a-16xlarge,32,expedited,1,29,0.051,15,32
c7a-16xlarge,32,expedited,1,30,0.047,14,32
c7a-16xlarge,32,expedited,1,31,0.052,15,32
c7a-16xlarge,32,expedited,1,32,0.052,14,32
c7a-16xlarge,32,expedited,1,33,0.054,14,32
c7a-16xlarge,32,expedited,1,34,0.049,14,32
c7a-16xlarge,32,expedited,1,35,0.055,14,32
c7a-16xlarge,32,expedited,1,36,0.032,15,32
c7a-16xlarge,32,expedited,1,37,0.045,15,32
c7a-16xlarge,32,expedited,1,38,0.033,15,32
c7a-16xlarge,32,expedited,1,39,0.052,15,32
c7a-16xlarge,32,expedited,1,40,0.043,15,32
c7a-16xlarge,64,expedited,1,1,0.053,15,64
c7a-16xlarge,64,expedited,1,2,0.033,14,64
c7a-16xlarge,64,expedited,1,3,0.052,14,64
c7a-16xlarge,64,expedited,1,4,0.063,14,64
c7a-16xlarge,64,expedited,1,5,0.047,14,64
c7a-16xlarge,64,expedited,1,6,0.046,15,64
c7a-16xlarge,64,expedited,1,7,0.027,14,64
c7a-16xlarge,64,expedited,1,8,0.070,14,64
c7a-16xlarge,64,expedited,1,9,0.039,15,64
c7a-16xlarge,64,expedited,1,10,0.049,14,64
c7a-16xlarge,64,expedited,1,11,0.057,14,64
c7a-16xlarge,64,expedited,1,12,0.050,14,64
c7a-16xlarge,64,expedited,1,13,0.044,14,64
c7a-16xlarge,64,expedited,1,14,0.036,14,64
c7a-16xlarge,64,expedited,1,15,0.036,14,64
c7a-16xlarge,64,expedited,1,16,0.061,12,64
c7a-16xlarge,64,expedited,1,17,0.033,14,64
c7a-16xlarge,64,expedited,1,18,0.071,14,64
c7a-16xlarge,64,expedited,1,19,0.047,14,64
c7a-16xlarge,64,expedited,1,20,0.060,14,64
c7a-16xlarge,64,expedited,1,21,0.049,14,64
c7a-16xlarge,64,expedited,1,22,0.045,15,64
c7a-16xlarge,64,expedited,1,23,0.045,14,64
c7a-16xlarge,64,expedited,1,24,0.058,20,64
c7a-16xlarge,64,expedited,1,25,0.029,17,64
c7a-16xlarge,64,expedited,1,26,0.039,14,64
c7a-16xlarge,64,expedited,1,27,0.041,15,64
c7a-16xlarge,64,expedited,1,28,0.036,14,64
c7a-16xlarge,64,expedited,1,29,0.044,14,64
c7a-16xlarge,64,expedited,1,30,0.053,15,64
c7a-16xlarge,64,expedited,1,31,0.043,14,64
c7a-16xlarge,64,expedited,1,32,0.042,15,64
c7a-16xlarge,64,expedited,1,33,0.061,14,64
c7a-16xlarge,64,expedited,1,34,0.047,14,64
c7a-16xlarge,64,expedited,1,35,0.045,12,64
c7a-16xlarge,64,expedited,1,36,0.052,14,64
c7a-16xlarge,64,expedited,1,37,0.054,15,64
c7a-16xlarge,64,expedited,1,38,0.043,14,64
c7a-16xlarge,64,expedited,1,39,0.045,15,64
c7a-16xlarge,64,expedited,1,40,0.037,14,64
